Workbook

Sheet Area prompt
A1: Id | B1: Floor | C1: Image id | D1: Image Type | E1: True x | F1: True y | G1: Predicted x | H1: Predicted y | I1: Euclidean error | J1: Reasoning | K1: Floor & Image id | L1: Column 12 | M1: Unique floor & image | N1: Max EE | O1: Min EE | P1: Diff between max and min | R1: No of changed groups | S1: Percentage of changed groups
A2: T1.1 | B2: Floor 5 | C2: 1.1 | D2: Wide | E2: 39 | F2: 15 | G2: 37 | H2: 17 | I2: 2.828 | J2: The query image most likely shows the pantry/kitchen area labeled 505 PENRTY. Visible kitchenette fixtures, sloped ceiling, and a doorway into an office match this room. The camera appears to be standing inside the pantry near its open side, looking toward the kitchenette wall and the door to the adjacent office, so the best estimate is near the center-lower part of room 505. | K2: =B2&"|"&C2 -> Floor 5|1.1 | M2: {=UNIQUE(K2:K109)} -> Floor 5|1.1 | N2: =IFERROR(__xludf.DUMMYFUNCTION("MIN(FILTER($I$2:$I109,$K$2:$K109=M2))"),2.828) -> 2.828 | O2: =IFERROR(__xludf.DUMMYFUNCTION("MAX(FILTER($I$2:$I109,$K$2:$K109=M2))"),2.828) -> 2.828 | P2: =O2-N2 -> 0 | R2: =COUNTIF(P2:P109,">0") -> 35 | S2: =COUNTIF(P2:P109,">0")/COUNTA(M2:M109) -> 0.97222222
A3: T1.2 | B3: Floor 5 | C3: 1.1 | D3: Wide | E3: 39 | F3: 15 | G3: 37 | H3: 17 | I3: 2.828 | J3: The query image most likely shows the pantry/kitchen area labeled 505 PENRTY: it has a kitchenette with fridge, sink, microwaves, and sloped ceiling/window geometry matching the outer roof edge. The camera appears to be inside that pantry, near its open side toward the large office area, facing the kitchen counter and doorway, so the best estimate is a point slightly inside room 505 near its center-left edge. | K3: =B3&"|"&C3 -> Floor 5|1.1 | M3: Floor 5|1.2 | N3: =IFERROR(__xludf.DUMMYFUNCTION("MIN(FILTER($I$2:$I109,$K$2:$K109=M3))"),2.828) -> 2.828 | O3: =IFERROR(__xludf.DUMMYFUNCTION("MAX(FILTER($I$2:$I109,$K$2:$K109=M3))"),5.657) -> 5.657 | P3: =O3-N3 -> 2.829 | R3: =COUNTIF(P2:P109,">1") -> 27 | S3: =COUNTIF(P2:P109,">1")/COUNTA(M2:M109) -> 0.75
A4: T1.3 | B4: Floor 5 | C4: 1.1 | D4: Wide | E4: 39 | F4: 15 | G4: 37 | H4: 17 | I4: 2.828 | J4: The query image most likely shows the kitchenette/pantry area, which matches room 505 ‘PENTRY’ on the floorplan: visible fridge, microwaves, sink, coffee area, and sloped exterior wall/window. The camera appears to be standing inside the pantry near its open side, looking toward the kitchen cabinets with the doorway to the adjacent office/open area visible ahead. | K4: =B4&"|"&C4 -> Floor 5|1.1 | M4: Floor 5|1_pano | N4: =IFERROR(__xludf.DUMMYFUNCTION("MIN(FILTER($I$2:$I109,$K$2:$K109=M4))"),2.828) -> 2.828 | O4: =IFERROR(__xludf.DUMMYFUNCTION("MAX(FILTER($I$2:$I109,$K$2:$K109=M4))"),3.162) -> 3.162 | P4: =O4-N4 -> 0.334 | R4: =COUNTIF(P2:P109,">3") -> 12 | S4: =COUNTIF(P2:P109,">3")/COUNTA(M2:M109) -> 0.33333333
A5: T1.4 | B5: Floor 5 | C5: 1.2 | D5: Wide | E5: 39 | F5: 15 | G5: 35 | H5: 19 | I5: 5.657 | J5: The photo most likely shows the boundary between room 505 PENTRY and the open office 504 KONTORSLANDSKAP: there is a kitchenette/fridge on the right, tiled flooring in the foreground, carpeted open office with desks and windows on the left, and an exit door ahead. The best camera position is just inside the pentry/open-office transition area, looking toward the windows and the door. | K5: =B5&"|"&C5 -> Floor 5|1.2 | M5: Floor 5|2.1 | N5: =IFERROR(__xludf.DUMMYFUNCTION("MIN(FILTER($I$2:$I109,$K$2:$K109=M5))"),0.0) -> 0 | O5: =IFERROR(__xludf.DUMMYFUNCTION("MAX(FILTER($I$2:$I109,$K$2:$K109=M5))"),1.0) -> 1 | P5: =O5-N5 -> 1 | R5: =COUNTIF(P2:P109,">5") -> 8 | S5: =COUNTIF(P2:P109,">5")/COUNTA(M2:M109) -> 0.22222222
A6: T1.5 | B6: Floor 5 | C6: 1.2 | D6: Wide | E6: 39 | F6: 15 | G6: 37 | H6: 17 | I6: 2.828 | J6: The photo most likely shows the pantry/open office edge around room 505 PENRTY opening into 504 KONTORSLANDSKAP. Visible clues are the kitchenette refrigerator on the right, tiled pantry floor transitioning to carpeted open office on the left, and large exterior windows in the office area. The camera appears to stand in the pantry/open office threshold, just inside the tiled area facing toward the open office and windows. | K6: =B6&"|"&C6 -> Floor 5|1.2 | M6: Floor 5|2.2 | N6: =IFERROR(__xludf.DUMMYFUNCTION("MIN(FILTER($I$2:$I109,$K$2:$K109=M6))"),4.472) -> 4.472 | O6: =IFERROR(__xludf.DUMMYFUNCTION("MAX(FILTER($I$2:$I109,$K$2:$K109=M6))"),12.166) -> 12.166 | P6: =O6-N6 -> 7.694 | R6: =COUNTIF(P3:P109,">10") -> 2 | S6: =COUNTIF(P3:P109,">10")/COUNTA(M3:M109) -> 0.057142857
A7: T1.6 | B7: Floor 5 | C7: 1.2 | D7: Wide | E7: 39 | F7: 15 | G7: 36 | H7: 17 | I7: 3.606 | J7: The query shows the pantry/open-office threshold: tiled kitchenette floor on the right with a tall fridge, carpeted open office with desks and windows on the left, and a small passage/door ahead. This best matches the 505 PENTRY opening into 504 KONTORSLANDSKAP near the small internal passage, so the camera is placed just inside the pantry edge facing into the open office. | K7: =B7&"|"&C7 -> Floor 5|1.2 | M7: Floor 5|2.pano | N7: =IFERROR(__xludf.DUMMYFUNCTION("MIN(FILTER($I$2:$I109,$K$2:$K109=M7))"),0.0) -> 0 | O7: =IFERROR(__xludf.DUMMYFUNCTION("MAX(FILTER($I$2:$I109,$K$2:$K109=M7))"),1.0) -> 1 | P7: =O7-N7 -> 1
A8: T1.7 | B8: Floor 5 | C8: 1_pano | D8: Panorama | E8: 39 | F8: 15 | G8: 38 | H8: 18 | I8: 3.162 | J8: The query shows a pantry/kitchenette opening directly into a larger meeting/lounge area with a sloped exterior wall and a row of low windows. On the plan, this best matches room 505 PENRTY adjacent to 506 MÖTESRUM. The camera is most likely positioned in the pantry area near its opening toward the meeting room, looking across the kitchenette and windows. | K8: =B8&"|"&C8 -> Floor 5|1_pano | M8: Floor 5|3.1 | N8: =IFERROR(__xludf.DUMMYFUNCTION("MIN(FILTER($I$2:$I109,$K$2:$K109=M8))"),6.325) -> 6.325 | O8: =IFERROR(__xludf.DUMMYFUNCTION("MAX(FILTER($I$2:$I109,$K$2:$K109=M8))"),7.81) -> 7.81 | P8: =O8-N8 -> 1.485
A9: T1.8 | B9: Floor 5 | C9: 1_pano | D9: Panorama | E9: 39 | F9: 15 | G9: 37 | H9: 17 | I9: 2.828 | J9: The query shows a pantry/break area with kitchenette and a sloped facade wall with a row of low windows, opening directly toward an open office. This best matches room 505 PENTRY beside the large 504 office area and near the angled exterior wall. The point is placed inside 505 near its opening toward the office, where the camera could look across the kitchenette and toward the windows. | K9: =B9&"|"&C9 -> Floor 5|1_pano | M9: Floor 5|3.2 | N9: =IFERROR(__xludf.DUMMYFUNCTION("MIN(FILTER($I$2:$I109,$K$2:$K109=M9))"),9.22) -> 9.22 | O9: =IFERROR(__xludf.DUMMYFUNCTION("MAX(FILTER($I$2:$I109,$K$2:$K109=M9))"),12.207) -> 12.207 | P9: =O9-N9 -> 2.987
A10: T1.9 | B10: Floor 5 | C10: 1_pano | D10: Panorama | E10: 39 | F10: 15 | G10: 37 | H10: 17 | I10: 2.828 | J10: The query shows a pantry/break area with kitchenette, microwaves, fridge, dining tables, and a sloped wall with low windows. This best matches room 505 PENRTY adjacent to the open office 504. The camera is likely positioned inside the pantry near its middle-left side, looking toward the windowed outer wall and kitchenette. | K10: =B10&"|"&C10 -> Floor 5|1_pano | M10: Floor 5|3_pano | N10: =IFERROR(__xludf.DUMMYFUNCTION("MIN(FILTER($I$2:$I109,$K$2:$K109=M10))"),6.403) -> 6.403 | O10: =IFERROR(__xludf.DUMMYFUNCTION("MAX(FILTER($I$2:$I109,$K$2:$K109=M10))"),12.042) -> 12.042 | P10: =O10-N10 -> 5.639
A11: T1.10 | B11: Floor 5 | C11: 2.1 | D11: Wide | E11: 44 | F11: 16 | G11: 44 | H11: 16 | I11: 0 | J11: The photo shows a small office under a sloped roof with two exterior windows meeting at a corner, which best matches the corner office 507. The camera appears to be inside that room near the entrance/inner side, looking toward the angled exterior corner windows, so I placed the point slightly inside room 507 away from the window corner. | K11: =B11&"|"&C11 -> Floor 5|2.1 | M11: Floor 5|4.1 | N11: =IFERROR(__xludf.DUMMYFUNCTION("MIN(FILTER($I$2:$I109,$K$2:$K109=M11))"),8.485) -> 8.485 | O11: =IFERROR(__xludf.DUMMYFUNCTION("MAX(FILTER($I$2:$I109,$K$2:$K109=M11))"),10.0) -> 10 | P11: =O11-N11 -> 1.515
A12: T1.11 | B12: Floor 5 | C12: 2.1 | D12: Wide | E12: 44 | F12: 16 | G12: 44 | H12: 17 | I12: 1 | J12: The photo shows a very small perimeter office with a strongly sloped ceiling and two exterior windows meeting near a corner, which best matches the wedge-shaped top office 507 along the angled facade. The camera appears to be placed inside that room near its inner side, looking outward toward the two windows, so I place it slightly back from the facade within room 507. | K12: =B12&"|"&C12 -> Floor 5|2.1 | M12: Floor 5|4.2 | N12: =IFERROR(__xludf.DUMMYFUNCTION("MIN(FILTER($I$2:$I109,$K$2:$K109=M12))"),19.723) -> 19.723 | O12: =IFERROR(__xludf.DUMMYFUNCTION("MAX(FILTER($I$2:$I109,$K$2:$K109=M12))"),20.248) -> 20.248 | P12: =O12-N12 -> 0.525
A13: T1.12 | B13: Floor 5 | C13: 2.1 | D13: Wide | E13: 44 | F13: 16 | G13: 44 | H13: 17 | I13: 1 | J13: The photo shows a very small office under a sloped roof with two exterior windows meeting at a corner, which best matches the small corner office 507. The camera appears placed just inside the doorway looking toward the windowed corner, so the best estimate is in the interior of room 507 near its entrance side. | K13: =B13&"|"&C13 -> Floor 5|2.1 | M13: Floor 5|4.pano | N13: =IFERROR(__xludf.DUMMYFUNCTION("MIN(FILTER($I$2:$I109,$K$2:$K109=M13))"),12.649) -> 12.649 | O13: =IFERROR(__xludf.DUMMYFUNCTION("MAX(FILTER($I$2:$I109,$K$2:$K109=M13))"),18.385) -> 18.385 | P13: =O13-N13 -> 5.736
A14: T1.13 | B14: Floor 5 | C14: 2.2 | D14: Wide | E14: 44 | F14: 16 | G14: 42 | H14: 20 | I14: 4.472 | J14: The query appears to be taken inside a small office looking out through a doorway into the larger open office area with visible columns. On the plan, room 517 (KONTOR) best matches a small office directly connected to the open area 504, with the door opening toward the open office. The camera is likely positioned inside 517 near the back-right side of the room, facing outward through the doorway. | K14: =B14&"|"&C14 -> Floor 5|2.2 | M14: Floor 5|5.1 | N14: =IFERROR(__xludf.DUMMYFUNCTION("MIN(FILTER($I$2:$I109,$K$2:$K109=M14))"),20.616) -> 20.616 | O14: =IFERROR(__xludf.DUMMYFUNCTION("MAX(FILTER($I$2:$I109,$K$2:$K109=M14))"),21.26) -> 21.26 | P14: =O14-N14 -> 0.644
A15: T1.14 | B15: Floor 5 | C15: 2.2 | D15: Wide | E15: 44 | F15: 16 | G15: 42 | H15: 28 | I15: 12.166 | J15: The photo is most consistent with a small office room opening into the larger open office area 504 KONTORSLANDSKAP. The visible interior column and the doorway looking out toward a larger space fit best with room 517 KONTOR, which sits just below 504 and has a door into that open area. The point is placed inside 517 near its doorway, matching the camera looking outward into 504. | K15: =B15&"|"&C15 -> Floor 5|2.2 | M15: Floor 5|5.2 | N15: =IFERROR(__xludf.DUMMYFUNCTION("MIN(FILTER($I$2:$I109,$K$2:$K109=M15))"),1.0) -> 1 | O15: =IFERROR(__xludf.DUMMYFUNCTION("MAX(FILTER($I$2:$I109,$K$2:$K109=M15))"),3.0) -> 3 | P15: =O15-N15 -> 2
A16: T1.15 | B16: Floor 5 | C16: 2.2 | D16: Wide | E16: 44 | F16: 16 | G16: 43 | H16: 28 | I16: 12.042 | J16: The photo appears to be taken inside a small office with a structural column, looking out through a single door into the larger open office area with visible columns and furniture. On the floorplan, room 517 (KONTOR) best matches this setup: a small office opening directly into the open workspace 504 near the service core. The point is placed inside room 517, a bit back from the doorway, matching the camera position looking outward into 504. | K16: =B16&"|"&C16 -> Floor 5|2.2 | M16: Floor 5|5.pano | N16: =IFERROR(__xludf.DUMMYFUNCTION("MIN(FILTER($I$2:$I109,$K$2:$K109=M16))"),7.28) -> 7.28 | O16: =IFERROR(__xludf.DUMMYFUNCTION("MAX(FILTER($I$2:$I109,$K$2:$K109=M16))"),13.342) -> 13.342 | P16: =O16-N16 -> 6.062
A17: T1.16 | B17: Floor 5 | C17: 2.pano | D17: Panorama | E17: 44 | F17: 16 | G17: 44 | H17: 16 | I17: 0 | J17: The query shows a small office under a sloped roof with a row of exterior windows on one long side and a single door opening to the corridor. On the floorplan, the best match is office 507 at the upper-right edge: it has the angled exterior wall with windows and connects by one door to the internal circulation. The camera appears placed inside that office near the windowed side, looking back toward the door, so the best position is within room 507 slightly in from the exterior wall. | K17: =B17&"|"&C17 -> Floor 5|2.pano | M17: Floor 5|6.1 | N17: =IFERROR(__xludf.DUMMYFUNCTION("MIN(FILTER($I$2:$I109,$K$2:$K109=M17))"),5.0) -> 5 | O17: =IFERROR(__xludf.DUMMYFUNCTION("MAX(FILTER($I$2:$I109,$K$2:$K109=M17))"),5.657) -> 5.657 | P17: =O17-N17 -> 0.657
A18: T1.17 | B18: Floor 5 | C18: 2.pano | D18: Panorama | E18: 44 | F18: 16 | G18: 44 | H18: 16 | I18: 0 | J18: The query shows a small perimeter office with a sloped exterior wall/ceiling and a row of windows, looking back through the door into a corridor. On the floorplan, the best match is one of the upper-right offices along the angled facade, most likely room 507. The point is placed inside that office near the windowed outer wall, with the camera aimed back toward the door into the corridor. | K18: =B18&"|"&C18 -> Floor 5|2.pano | M18: Floor 5|6.2 | N18: =IFERROR(__xludf.DUMMYFUNCTION("MIN(FILTER($I$2:$I109,$K$2:$K109=M18))"),3.0) -> 3 | O18: =IFERROR(__xludf.DUMMYFUNCTION("MAX(FILTER($I$2:$I109,$K$2:$K109=M18))"),3.162) -> 3.162 | P18: =O18-N18 -> 0.162
A19: T1.18 | B19: Floor 5 | C19: 2.pano | D19: Panorama | E19: 44 | F19: 16 | G19: 44 | H19: 17 | I19: 1 | J19: The query shows a small perimeter office under a sloped roof with a long row of exterior windows on the right and a doorway opening into a corridor/passage. This best matches one of the angled offices along the northeast facade, most likely room 507. The point is placed inside 507 near the windowed outer wall, looking back toward the door into the passage/corridor. | K19: =B19&"|"&C19 -> Floor 5|2.pano | M19: Floor 5|6_pano | N19: =IFERROR(__xludf.DUMMYFUNCTION("MIN(FILTER($I$2:$I109,$K$2:$K109=M19))"),4.243) -> 4.243 | O19: =IFERROR(__xludf.DUMMYFUNCTION("MAX(FILTER($I$2:$I109,$K$2:$K109=M19))"),5.657) -> 5.657 | P19: =O19-N19 -> 1.414
A20: T1.19 | B20: Floor 5 | C20: 3.1 | D20: Wide | E20: 39 | F20: 22 | G20: 44 | H20: 16 | I20: 7.81 | J20: The query shows a small office with several desks directly against an exterior window wall and a faceted corner view. On the plan, the best match is room 507 KONTOR at the upper-right perimeter, which has this angled exterior facade and office scale. The camera is likely placed inside 507 a few meters back from the windows, near the inner side of the room facing outward. | K20: =B20&"|"&C20 -> Floor 5|3.1 | M20: Floor 3|1.1 | N20: =IFERROR(__xludf.DUMMYFUNCTION("MIN(FILTER($I$2:$I109,$K$2:$K109=M20))"),25.08) -> 25.08 | O20: =IFERROR(__xludf.DUMMYFUNCTION("MAX(FILTER($I$2:$I109,$K$2:$K109=M20))"),30.017) -> 30.017 | P20: =O20-N20 -> 4.937
A21: T1.20 | B21: Floor 5 | C21: 3.1 | D21: Wide | E21: 39 | F21: 22 | G21: 44 | H21: 17 | I21: 7.071 | J21: The query shows a small office with several desks directly along an exterior window wall. On the floorplan, the most likely match is one of the wedge-shaped perimeter offices on the right side rather than the large open office. The view and room size best fit room 507 KONTOR, with the camera placed near its interior side looking outward toward the angled facade windows. | K21: =B21&"|"&C21 -> Floor 5|3.1 | M21: Floor 3|1.2 | N21: =IFERROR(__xludf.DUMMYFUNCTION("MIN(FILTER($I$2:$I109,$K$2:$K109=M21))"),25.0) -> 25 | O21: =IFERROR(__xludf.DUMMYFUNCTION("MAX(FILTER($I$2:$I109,$K$2:$K109=M21))"),28.636) -> 28.636 | P21: =O21-N21 -> 3.636
A22: T1.21 | B22: Floor 5 | C22: 3.1 | D22: Wide | E22: 39 | F22: 22 | G22: 45 | H22: 20 | I22: 6.325 | J22: The query shows a small perimeter office with several desks and a faceted exterior window wall. On the floorplan, the best match is room 508 KONTOR along the angled east facade, which has broad exterior windows and office-sized proportions. The camera is most likely positioned inside 508 near its interior side, facing outward toward the windows. | K22: =B22&"|"&C22 -> Floor 5|3.1 | M22: Floor 3|1.pano | N22: =IFERROR(__xludf.DUMMYFUNCTION("MIN(FILTER($I$2:$I109,$K$2:$K109=M22))"),6.403) -> 6.403 | O22: =IFERROR(__xludf.DUMMYFUNCTION("MAX(FILTER($I$2:$I109,$K$2:$K109=M22))"),27.514) -> 27.514 | P22: =O22-N22 -> 21.111
A23: T1.22 | B23: Floor 5 | C23: 3.2 | D23: Wide | E23: 39 | F23: 22 | G23: 31 | H23: 17 | I23: 9.434 | J23: The query image most likely shows the large meeting room 506 (MÖTESRUM): it has a conference table and chairs by a long windowed wall, matching this room better than the smaller offices. The camera appears to be inside the room near its lower-left/central side, looking toward an internal partition/TV wall with the windows off to the right, so the best estimate is a point within room 506 slightly left of center. | K23: =B23&"|"&C23 -> Floor 5|3.2 | M23: Floor 3|2.1 | N23: =IFERROR(__xludf.DUMMYFUNCTION("MIN(FILTER($I$2:$I109,$K$2:$K109=M23))"),2.236) -> 2.236 | O23: =IFERROR(__xludf.DUMMYFUNCTION("MAX(FILTER($I$2:$I109,$K$2:$K109=M23))"),3.162) -> 3.162 | P23: =O23-N23 -> 0.926
A24: T1.23 | B24: Floor 5 | C24: 3.2 | D24: Wide | E24: 39 | F24: 22 | G24: 32 | H24: 24 | I24: 9.22 | J24: The query image most likely shows the meeting room 506 (MÖTESRUM): it has a conference table and chairs by a row of low windows along the exterior wall. The TV mounted on an angled interior partition matches the distinctive slanted wall inside room 506, so the camera is best placed inside 506 near the lower-right side of the room, looking toward that partition and the windows. | K24: =B24&"|"&C24 -> Floor 5|3.2 | M24: Floor 3|2.2 | N24: =IFERROR(__xludf.DUMMYFUNCTION("MIN(FILTER($I$2:$I109,$K$2:$K109=M24))"),2.236) -> 2.236 | O24: =IFERROR(__xludf.DUMMYFUNCTION("MAX(FILTER($I$2:$I109,$K$2:$K109=M24))"),5.0) -> 5 | P24: =O24-N24 -> 2.764
A25: T1.24 | B25: Floor 5 | C25: 3.2 | D25: Wide | E25: 39 | F25: 22 | G25: 32 | H25: 12 | I25: 12.207 | J25: The query shows a furnished meeting room/open collaboration area: conference table and chairs by a windowed facade, plus a TV mounted on a partition wall. On the floorplan, room 506 (MÖTESRUM) best matches this type of space and location near the angled exterior windows. The camera is likely positioned inside 506 near its lower-left/central side, looking toward an internal partition and the window side. | K25: =B25&"|"&C25 -> Floor 5|3.2 | M25: Floor 3|2_pano | N25: =IFERROR(__xludf.DUMMYFUNCTION("MIN(FILTER($I$2:$I109,$K$2:$K109=M25))"),2.236) -> 2.236 | O25: =IFERROR(__xludf.DUMMYFUNCTION("MAX(FILTER($I$2:$I109,$K$2:$K109=M25))"),3.606) -> 3.606 | P25: =O25-N25 -> 1.37
A26: T1.25 | B26: Floor 5 | C26: 3_pano | D26: Panorama | E26: 39 | F26: 22 | G26: 35 | H26: 17 | I26: 6.403 | J26: The query shows a conference/meeting room with a large oval table, exterior windows along one side, and glass-partitioned rooms/corridor on the opposite side. On the floorplan, room 506 (MÖTESRUM) best matches this layout: it is the main meeting room on the windowed upper facade, adjacent to the internal corridor and nearby glass-fronted office area. The camera is most likely placed inside 506 near its lower-central edge, looking across the table toward the interior side. | K26: =B26&"|"&C26 -> Floor 5|3_pano | M26: Floor 3|3.1 | N26: =IFERROR(__xludf.DUMMYFUNCTION("MIN(FILTER($I$2:$I109,$K$2:$K109=M26))"),2.236) -> 2.236 | O26: =IFERROR(__xludf.DUMMYFUNCTION("MAX(FILTER($I$2:$I109,$K$2:$K109=M26))"),5.0) -> 5 | P26: =O26-N26 -> 2.764
A27: T1.26 | B27: Floor 5 | C27: 3_pano | D27: Panorama | E27: 39 | F27: 22 | G27: 34 | H27: 12 | I27: 11.18 | J27: The query shows a meeting room/open office area with many windows along an exterior wall, a large conference table, and adjacent smaller glass-fronted offices. This best matches room 506 MÖTESRUM at the top center-right of the plan, looking toward the neighboring office rooms along the angled facade. The camera is most likely placed inside 506 near its lower-left/central side. | K27: =B27&"|"&C27 -> Floor 5|3_pano | M27: Floor 3|3.2 | N27: =IFERROR(__xludf.DUMMYFUNCTION("MIN(FILTER($I$2:$I109,$K$2:$K109=M27))"),3.162) -> 3.162 | O27: =IFERROR(__xludf.DUMMYFUNCTION("MAX(FILTER($I$2:$I109,$K$2:$K109=M27))"),5.385) -> 5.385 | P27: =O27-N27 -> 2.223
A28: T1.27 | B28: Floor 5 | C28: 3_pano | D28: Panorama | E28: 39 | F28: 22 | G28: 31 | H28: 13 | I28: 12.042 | J28: The query shows a large meeting room with a big conference table, exterior windows along one side, and glass-partitioned offices/corridor on the opposite side. This best matches room 506 MÖTESRUM at the top-center of the plan. The camera appears positioned inside that meeting room, slightly toward the window side and looking across toward the interior glass wall and doors. | K28: =B28&"|"&C28 -> Floor 5|3_pano | M28: Floor 3|3_pano | N28: =IFERROR(__xludf.DUMMYFUNCTION("MIN(FILTER($I$2:$I109,$K$2:$K109=M28))"),5.0) -> 5 | O28: =IFERROR(__xludf.DUMMYFUNCTION("MAX(FILTER($I$2:$I109,$K$2:$K109=M28))"),15.232) -> 15.232 | P28: =O28-N28 -> 10.232
A29: T1.31 | B29: Floor 5 | C29: 4.1 | D29: Wide | E29: 42 | F29: 29 | G29: 36 | H29: 23 | I29: 8.485 | J29: The query shows an open office area with perimeter windows and several small glass meeting booths/rooms with angled walls. On the floorplan, the best match is the large open office 504 KONTORSLANDSKAP next to the diagonal BALKONG edge, where several diamond/angled glass pods are drawn. The camera is most likely inside the upper-left of this open office, beside one of those glass pods and facing toward the windowed perimeter. | K29: =B29&"|"&C29 -> Floor 5|4.1 | M29: Floor 3|4.1 | N29: =IFERROR(__xludf.DUMMYFUNCTION("MIN(FILTER($I$2:$I109,$K$2:$K109=M29))"),17.804) -> 17.804 | O29: =IFERROR(__xludf.DUMMYFUNCTION("MAX(FILTER($I$2:$I109,$K$2:$K109=M29))"),19.105) -> 19.105 | P29: =O29-N29 -> 1.301
A30: T1.32 | B30: Floor 5 | C30: 4.1 | D30: Wide | E30: 42 | F30: 29 | G30: 35 | H30: 23 | I30: 9.22 | J30: The query shows a glass-partitioned open office area with many desks and exterior windows along angled facades, matching the large open workspace 504 KONTORSLANDSKAP. The camera appears to be near the small internal glass meeting pod/partition zone on the left side of that room, just southeast of passage 503 and looking toward the windowed perimeter. | K30: =B30&"|"&C30 -> Floor 5|4.1 | M30: Floor 3|4.2 | N30: =IFERROR(__xludf.DUMMYFUNCTION("MIN(FILTER($I$2:$I109,$K$2:$K109=M30))"),4.472) -> 4.472 | O30: =IFERROR(__xludf.DUMMYFUNCTION("MAX(FILTER($I$2:$I109,$K$2:$K109=M30))"),11.402) -> 11.402 | P30: =O30-N30 -> 6.93
A31: T1.33 | B31: Floor 5 | C31: 4.1 | D31: Wide | E31: 42 | F31: 29 | G31: 36 | H31: 21 | I31: 10 | J31: The query shows an open office area with perimeter windows and several small polygonal glass meeting rooms/booths. This best matches the central-right open office room 504 KONTORSLANDSKAP next to the diagonal balcony edge, where multiple diamond-shaped glass rooms are drawn. The camera appears to be just beside one of these glass rooms, near the upper-left part of 504, looking toward the exterior windows. | K31: =B31&"|"&C31 -> Floor 5|4.1 | M31: Floor 3|4.pano | N31: =IFERROR(__xludf.DUMMYFUNCTION("MIN(FILTER($I$2:$I109,$K$2:$K109=M31))"),15.556) -> 15.556 | O31: =IFERROR(__xludf.DUMMYFUNCTION("MAX(FILTER($I$2:$I109,$K$2:$K109=M31))"),19.849) -> 19.849 | P31: =O31-N31 -> 4.293
A32: T1.34 | B32: Floor 5 | C32: 4.2 | D32: Wide | E32: 42 | F32: 29 | G32: 31 | H32: 12 | I32: 20.248 | J32: The query shows a small glass-partitioned meeting room with a table and chairs, directly adjacent to an open office area and along the exterior window line. On the floorplan, the best match is room 506 (MÖTESRUM) at the top center-right, beside the open office 504. The camera appears to be positioned near the inner-left side of that meeting room, looking through the glass wall toward the open office. | K32: =B32&"|"&C32 -> Floor 5|4.2 | M32: Floor 3|5.1 | N32: =IFERROR(__xludf.DUMMYFUNCTION("MIN(FILTER($I$2:$I109,$K$2:$K109=M32))"),10.63) -> 10.63 | O32: =IFERROR(__xludf.DUMMYFUNCTION("MAX(FILTER($I$2:$I109,$K$2:$K109=M32))"),12.083) -> 12.083 | P32: =O32-N32 -> 1.453
A33: T1.35 | B33: Floor 5 | C33: 4.2 | D33: Wide | E33: 42 | F33: 29 | G33: 32 | H33: 12 | I33: 19.723 | J33: The query shows a small glazed meeting room with a table and chairs, immediately beside a larger open office area and along the exterior window facade. On the plan, room 506 (MÖTESRUM) best matches this: it is the meeting room at the top edge with windows on the exterior side and adjacent to the open office zone. The camera is most likely near the left/west end of room 506, looking through the glass wall toward the office area. | K33: =B33&"|"&C33 -> Floor 5|4.2 | M33: Floor 3|5.2 | N33: =IFERROR(__xludf.DUMMYFUNCTION("MIN(FILTER($I$2:$I109,$K$2:$K109=M33))"),3.606) -> 3.606 | O33: =IFERROR(__xludf.DUMMYFUNCTION("MAX(FILTER($I$2:$I109,$K$2:$K109=M33))"),8.246) -> 8.246 | P33: =O33-N33 -> 4.64
A34: T1.36 | B34: Floor 5 | C34: 4.2 | D34: Wide | E34: 42 | F34: 29 | G34: 32 | H34: 12 | I34: 19.723 | J34: The query shows a small glass-walled meeting room with a table and chairs, directly adjacent to a larger open office area and on the exterior window line. On the floorplan, room 506 MÖTESRUM best matches this setup: it is a meeting room along the top window façade and beside the large open office area 504. The point is placed inside 506 near its left/window side, matching the camera being inside the meeting room looking through glass toward the open office. | K34: =B34&"|"&C34 -> Floor 5|4.2 | M34: Floor 3|5.pano | N34: =IFERROR(__xludf.DUMMYFUNCTION("MIN(FILTER($I$2:$I109,$K$2:$K109=M34))"),6.403) -> 6.403 | O34: =IFERROR(__xludf.DUMMYFUNCTION("MAX(FILTER($I$2:$I109,$K$2:$K109=M34))"),12.806) -> 12.806 | P34: =O34-N34 -> 6.403
A35: T1.37 | B35: Floor 5 | C35: 4.pano | D35: Panorama | E35: 42 | F35: 29 | G35: 38 | H35: 17 | I35: 12.649 | J35: The query shows a small glass-walled meeting room beside the large open office, with exterior windows on one side and a glazed partition/door opening to the office on the other. This best matches room 506 (MÖTESRUM) at the top-center/right of the plan, adjacent to 504 KONTORSLANDSKAP. The camera appears to be placed inside that meeting room near its lower-left side, looking diagonally out toward the open office. | K35: =B35&"|"&C35 -> Floor 5|4.pano | M35: Floor 3|6.1 | N35: =IFERROR(__xludf.DUMMYFUNCTION("MIN(FILTER($I$2:$I109,$K$2:$K109=M35))"),9.487) -> 9.487 | O35: =IFERROR(__xludf.DUMMYFUNCTION("MAX(FILTER($I$2:$I109,$K$2:$K109=M35))"),10.77) -> 10.77 | P35: =O35-N35 -> 1.283
A36: T1.38 | B36: Floor 5 | C36: 4.pano | D36: Panorama | E36: 42 | F36: 29 | G36: 35 | H36: 12 | I36: 18.385 | J36: The query shows a small glass-walled meeting room with an oval table, directly adjacent to a larger open office area with many desks and extensive exterior windows along a slanted facade. This best matches room 506 (MÖTESRUM) next to the open office 504. The camera appears to be placed inside 506 near its right/east side, looking through the glass partition toward the open office and windows. | K36: =B36&"|"&C36 -> Floor 5|4.pano | M36: Floor 3|6.2 | N36: =IFERROR(__xludf.DUMMYFUNCTION("MIN(FILTER($I$2:$I109,$K$2:$K109=M36))"),9.487) -> 9.487 | O36: =IFERROR(__xludf.DUMMYFUNCTION("MAX(FILTER($I$2:$I109,$K$2:$K109=M36))"),10.77) -> 10.77 | P36: =O36-N36 -> 1.283
A37: T1.39 | B37: Floor 5 | C37: 4.pano | D37: Panorama | E37: 42 | F37: 29 | G37: 35 | H37: 12 | I37: 18.385 | J37: The query shows a small glass-walled meeting room with an oval table directly adjacent to a larger open office area along the windowed facade. On the plan, room 506 (MÖTESRUM) matches this: it is a meeting room beside the large open office 504/KONTORSLANDSKAP and along the angled exterior windows. The camera is most likely positioned inside room 506 near its lower-right side, looking through the glass toward the open office. | K37: =B37&"|"&C37 -> Floor 5|4.pano | M37: Floor 3|6_pano | N37: =IFERROR(__xludf.DUMMYFUNCTION("MIN(FILTER($I$2:$I109,$K$2:$K109=M37))"),8.944) -> 8.944 | O37: =IFERROR(__xludf.DUMMYFUNCTION("MAX(FILTER($I$2:$I109,$K$2:$K109=M37))"),11.18) -> 11.18 | P37: =O37-N37 -> 2.236
A38: T1.40 | B38: Floor 5 | C38: 5.1 | D38: Wide | E38: 46 | F38: 30 | G38: 30 | H38: 16 | I38: 21.26 | J38: The query shows a very small enclosed technical/storage-like room with two interior doors and double doors ahead; the wall sign appears to read KWC, which best matches the compact room 501 TEKNIKRUM near the stair/hiss core. The camera is likely positioned just inside this room facing toward the double doors, so I place it within room 501 near its upper-right side. | K38: =B38&"|"&C38 -> Floor 5|5.1
A39: T1.41 | B39: Floor 5 | C39: 5.1 | D39: Wide | E39: 46 | F39: 30 | G39: 30 | H39: 17 | I39: 20.616 | J39: The query shows a very small enclosed technical/electrical-style room with double doors ahead and another labeled door at right; on the plan the best match is room 501 TEKNIKRUM. The camera is likely just inside this room near its southeast side, looking roughly toward the north/northwest wall and doors. | K39: =B39&"|"&C39 -> Floor 5|5.1
A40: T1.42 | B40: Floor 5 | C40: 5.1 | D40: Wide | E40: 46 | F40: 30 | G40: 30 | H40: 17 | I40: 20.616 | J40: The query shows a very small service/technical room with double doors ahead and a wall label that appears to read KWC/RWC, matching the compact technical/service area 501 TEKNIKRUM near the stair core. The camera is likely inside that room, close to the doorway on the right side, facing the double doors/wall, so I place the point in the upper-right part of room 501. | K40: =B40&"|"&C40 -> Floor 5|5.1
A41: T1.43 | B41: Floor 5 | C41: 5.2 | D41: Wide | E41: 46 | F41: 30 | G41: 49 | H41: 30 | I41: 3 | J41: The query shows a small corridor with two doors labeled WC and a round column, which best matches the WC/passage area around rooms 512/514/515 next to the stair core on the right side of the plan. The camera is most likely standing in the narrow passage just outside the WC doors, looking along the short hall, near the column. | K41: =B41&"|"&C41 -> Floor 5|5.2
A42: T1.44 | B42: Floor 5 | C42: 5.2 | D42: Wide | E42: 46 | F42: 30 | G42: 47 | H42: 30 | I42: 1 | J42: The query shows a small corridor with two doors labeled WC and a visible round column. On the floorplan, the best match is the narrow passage by rooms 512 WC and 515 RWC near the stair core, where multiple WC doors open into a short hall and a column/structural element is nearby. The camera is likely positioned in that passage just west of the WC doors, looking northwest along the hall. | K42: =B42&"|"&C42 -> Floor 5|5.2
A43: T1.45 | B43: Floor 5 | C43: 5.2 | D43: Wide | E43: 46 | F43: 30 | G43: 48 | H43: 30 | I43: 2 | J43: The query shows a small corridor with two adjacent doors labeled WC and a nearby round column, which best matches the restroom passage area around rooms 510/512/515 near the stair core on the right side of the plan. The point is placed in the corridor just west of the WC doors, near the column and facing into the short hallway. | K43: =B43&"|"&C43 -> Floor 5|5.2
A44: T1.46 | B44: Floor 5 | C44: 5.pano | D44: Panorama | E44: 46 | F44: 30 | G44: 43 | H44: 17 | I44: 13.342 | J44: The query shows an office corridor with several small room doors on one side, a curved hallway, and a visible column/open area to the left. This best matches the corridor along the west side of rooms 507/508/509 next to the open office area 504. The camera is likely standing in that corridor near the upper part by room 507, looking along the hallway | K44: =B44&"|"&C44 -> Floor 5|5.pano
A45: T1.47 | B45: Floor 5 | C45: 5.pano | D45: Panorama | E45: 46 | F45: 30 | G45: 44 | H45: 19 | I45: 11.18 | J45: The query shows a narrow internal corridor with several office doors on one side, a column, and daylight at the far end. This best matches the office corridor along rooms 507–509 on the right side of the plan. The camera is most likely positioned in that corridor near the middle of the 507/508 stretch, facing along the hall. | K45: =B45&"|"&C45 -> Floor 5|5.pano
A46: T1.48 | B46: Floor 5 | C46: 5.pano | D46: Panorama | E46: 46 | F46: 30 | G46: 44 | H46: 23 | I46: 7.28 | J46: The query shows an internal office corridor with several doors on one side, a freestanding round column, and an opening toward a brighter area at the end. On the plan, the best match is the corridor/passage outside rooms 507–509 and near 510/516 on the right side, where a long corridor with columns/open office adjacency runs past multiple office doors. The estimated camera position is in that corridor, roughly opposite the row of offices and looking along the passage. | K46: =B46&"|"&C46 -> Floor 5|5.pano
A47: T1.49 | B47: Floor 5 | C47: 6.1 | D47: Wide | E47: 48 | F47: 27 | G47: 44 | H47: 31 | I47: 5.657 | J47: The query shows a small washroom with a sink/mirror immediately beside the doorway, matching the WC/RWC service area at the lower-right of the plan. The best fit is inside room 515 RWC, near the sink by the wall and facing out toward the corridor/adjacent door. | K47: =B47&"|"&C47 -> Floor 5|6.1
A48: T1.50 | B48: Floor 5 | C48: 6.1 | D48: Wide | E48: 48 | F48: 27 | G48: 44 | H48: 30 | I48: 5 | J48: The query image is most consistent with the small restroom/wash area near rooms 514–515, specifically the RWC/wc cluster beside the stair. The visible sink, mirror, soap dispenser, dark stone floor, and doorway out to carpeted office space match a restroom interior. I placed the camera just inside the restroom at the sink wall, facing outward toward the door. | K48: =B48&"|"&C48 -> Floor 5|6.1
A49: T1.51 | B49: Floor 5 | C49: 6.1 | D49: Wide | E49: 48 | F49: 27 | G49: 44 | H49: 31 | I49: 5.657 | J49: The query image is taken inside a small restroom/wash area with a wall-mounted sink and mirror, looking out through the door into the corridor. On the floorplan, the best match is the small WC/RWC cluster near rooms 514–516 on the right side; the camera is most likely inside room 515 RWC near the sink wall, just inside the doorway. | K49: =B49&"|"&C49 -> Floor 5|6.1
A50: T1.52 | B50: Floor 5 | C50: 6.2 | D50: Wide | E50: 48 | F50: 27 | G50: 47 | H50: 30 | I50: 3.162 | J50: The query image appears to be inside a restroom: it shows a tiled/wet-area wall corner with wall-mounted soap/towel dispensers and the top of a sanitary fixture. On the floorplan, the best match is the small restroom area labeled 515 RWC near rooms 514/516. The camera is likely placed near an interior corner of that restroom, so I chose a point inside 515 close to its wall corner. | K50: =B50&"|"&C50 -> Floor 5|6.2
A51: T1.53 | B51: Floor 5 | C51: 6.2 | D51: Wide | E51: 48 | F51: 27 | G51: 48 | H51: 30 | I51: 3 | J51: The query image appears to be inside a small restroom: visible soap/paper dispensers and the top of a urinal, plus a tight interior corner. On the floorplan, the best match is room 512 WC near the southeast side. The point is placed inside that WC, close to a wall corner where such fixtures would likely be mounted. | K51: =B51&"|"&C51 -> Floor 5|6.2
A52: T1.54 | B52: Floor 5 | C52: 6.2 | D52: Wide | E52: 48 | F52: 27 | G52: 47 | H52: 30 | I52: 3.162 | J52: The query image appears to be inside a small restroom: visible soap/towel dispenser and the top of a urinal against tiled/painted walls. On the floorplan, the best match is room 515 RWC near the bottom-right service core. The camera is most likely near a corner of that restroom, so I place the point inside 515 close to its wall corner. | K52: =B52&"|"&C52 -> Floor 5|6.2
A53: T1.55 | B53: Floor 5 | C53: 6_pano | D53: Panorama | E53: 48 | F53: 27 | G53: 45 | H53: 30 | I53: 4.243 | J53: The query shows a very small restroom/wash area: sink in the foreground, soap dispenser, dark tiled floor, and a door opening to a curved corridor. On the plan, the best match is the small toilet/wash space cluster around rooms 514/515 near the right side of the floor, adjacent to passage 510 and the stair. The camera is most likely inside room 515 RWC near the sink, facing out toward the passage. | K53: =B53&"|"&C53 -> Floor 5|6_pano
A54: T1.56 | B54: Floor 5 | C54: 6_pano | D54: Panorama | E54: 48 | F54: 27 | G54: 45 | H54: 30 | I54: 4.243 | J54: The query image appears to be taken inside a small restroom/wash area: visible sink, soap dispenser, paper dispenser, radiator, and a door opening to a curved corridor. On the plan, the best match is the small restroom cluster near rooms 514/515, specifically the RWC area opening toward the curved passage by 510. The camera seems positioned inside the restroom near the sink wall, just inside the room facing the door. | K54: =B54&"|"&C54 -> Floor 5|6_pano
A55: T1.57 | B55: Floor 5 | C55: 6_pano | D55: Panorama | E55: 48 | F55: 27 | G55: 44 | H55: 31 | I55: 5.657 | J55: The query image appears to be a small restroom/wash area: visible sink, soap dispenser, paper dispenser, radiator, and a door opening to a curved corridor. On the floorplan, the best match is the restroom zone around rooms 514/515 (ST/RWC) near the curved stair core and passage 510, which is the only compact service area likely to contain sinks and open into a rounded corridor. The camera is most likely inside the wash area just by the doorway. | K55: =B55&"|"&C55 -> Floor 5|6_pano
A56: T1.58 | B56: Floor 3 | C56: 1.1 | D56: Wide | E56: 30 | F56: 10 | G56: 29 | H56: 40 | I56: 30.017 | J56: The query looks like a small perimeter office: carpeted room with strong sunlight from exterior windows, a floor box, and a glazed door opening to a larger room/corridor plus a second solid interior door. On the plan, the most likely match is one of the small south-facing offices along the lower corridor block; this point places the camera inside one such office near its center, facing inward toward the corridor-side doors. | K56: =B56&"|"&C56 -> Floor 3|1.1
A57: T1.59 | B57: Floor 3 | C57: 1.1 | D57: Wide | E57: 30 | F57: 10 | G57: 28 | H57: 35 | I57: 25.08 | J57: The query appears to be a small office/cell room: carpeted, strong exterior daylight from windows behind/left, an open glazed door leading into a larger shared office area, and a second solid interior door on the same wall. On the floorplan, the best match is one of the small offices along the lower central corridor, with the camera placed inside the room near its window side looking back toward the corridor-side wall and doors. | K57: =B57&"|"&C57 -> Floor 3|1.1
A58: T1.60 | B58: Floor 3 | C58: 1.1 | D58: Wide | E58: 30 | F58: 10 | G58: 30 | H58: 38 | I58: 28 | J58: The query appears to be a small cellular office: carpeted floor, one exterior window wall casting strong sunlight, an open glazed door leading to a larger office/work area, and a second solid interior door. On the plan, the most likely match is one of the small offices along the south side of the lower corridor, adjacent to the larger open office zone. I placed the camera inside one of the west-side small offices in that row, near its center and facing back toward the corridor-side doors/opening. | K58: =B58&"|"&C58 -> Floor 3|1.1
A59: T1.61 | B59: Floor 3 | C59: 1.2 | D59: Wide | E59: 30 | F59: 10 | G59: 15 | H59: 30 | I59: 25 | J59: The query shows a narrow perimeter office with large exterior windows along one long side and a door opening into an internal corridor/pantry area. On the plan, the best match is one of the small windowed offices along the southwest angled facade, just west of the central corridor/stair zone. The point is placed inside that office near the window side, matching the camera standing position looking toward the interior door. | K59: =B59&"|"&C59 -> Floor 3|1.2
A60: T1.62 | B60: Floor 3 | C60: 1.2 | D60: Wide | E60: 30 | F60: 10 | G60: 22 | H60: 37 | I60: 28.16 | J60: The query shows a small perimeter office with a long exterior window wall and radiator on the left, looking toward a door opening into an interior corridor/shared area. This best matches one of the narrow south-facing offices along the bottom wing; the exterior view suggests the outer façade, and the room proportions fit a typical single office. I placed the camera near the window side of one of these offices, a little inside the room and aimed toward the corridor door. | K60: =B60&"|"&C60 -> Floor 3|1.2
A61: T1.63 | B61: Floor 3 | C61: 1.2 | D61: Wide | E61: 30 | F61: 10 | G61: 24 | H61: 38 | I61: 28.636 | J61: The query shows a small perimeter office with a long exterior window wall on the left, a narrow side window, and a door opening into an internal corridor/kitchenette area. This best matches one of the small offices along the bottom edge of the plan opening to corridor B303 PASSAGE. The camera is likely placed near the window-side end of the second office from the left in that row, looking inward toward the corridor door. | K61: =B61&"|"&C61 -> Floor 3|1.2
A62: T1.64 | B62: Floor 3 | C62: 1.pano | D62: Panorama | E62: 30 | F62: 10 | G62: 39 | H62: 36 | I62: 27.514 | J62: The query shows a small perimeter office/room with two exterior windows meeting at a corner and a door opening into a larger open area with kitchenette-like cabinetry visible beyond. On the floorplan, the best match is one of the small offices along the south facade opening into corridor B303 Passage, near the southeast side. The camera appears placed close to the exterior windowed corner of that office, looking inward toward the corridor door. | K62: =B62&"|"&C62 -> Floor 3|1.pano
A63: T1.65 | B63: Floor 3 | C63: 1.pano | D63: Panorama | E63: 30 | F63: 10 | G63: 37 | H63: 29 | I63: 20.248 | J63: The query shows a small perimeter office with two exterior windows meeting at a corner and an internal door opening toward a kitchenette/pantry-like space. On the plan, the best match is the small room just southeast of the large open office 302, along the angled facade near the balcony/passage cluster. The point is placed inside that corner room near the exterior windows, matching the camera position looking back toward the interior door. | K63: =B63&"|"&C63 -> Floor 3|1.pano
A64: T1.66 | B64: Floor 3 | C64: 1.pano | D64: Panorama | E64: 30 | F64: 10 | G64: 34 | H64: 15 | I64: 6.403 | J64: The query shows a small perimeter office/room with two exterior windows on adjacent walls and an internal glazed door opening toward the pantry/open-office cluster. This best matches room 304 (MÖTESRUM) at the angled top facade, where the camera would be placed near the corner by the windows looking inward toward the door. | K64: =B64&"|"&C64 -> Floor 3|1.pano
A65: T1.67 | B65: Floor 3 | C65: 2.1 | D65: Wide | E65: 40 | F65: 18 | G65: 39 | H65: 21 | I65: 3.162 | J65: The photo most likely shows the large open office area 302 KONTORSLANDSKAP: a broad carpeted room with multiple exterior windows on one long side and several interior doors/openings on the opposite wall near the passage/core. The camera appears to be positioned inside this open area, closer to the windowed southwest side and aimed toward the interior wall and passage, so the best estimate is a point in the left-central part of room 302. | K65: =B65&"|"&C65 -> Floor 3|2.1
A66: T1.68 | B66: Floor 3 | C66: 2.1 | D66: Wide | E66: 40 | F66: 18 | G66: 41 | H66: 20 | I66: 2.236 | J66: The query shows a large open office area with a long exterior window wall on the left and several doors/openings on the opposite interior wall, matching the big open room 302 KONTORSLANDSKAP. The camera is likely positioned inside this room, somewhat right of center and facing toward the left exterior facade and the internal doors near the core. | K66: =B66&"|"&C66 -> Floor 3|2.1
A67: T1.69 | B67: Floor 3 | C67: 2.1 | D67: Wide | E67: 40 | F67: 18 | G67: 39 | H67: 21 | I67: 3.162 | J67: The query shows a large open office area with a long run of exterior windows on one side and several interior doors opening to a small corridor/core, which best matches room 302 KONTORSLANDSKAP. The camera is likely positioned inside the left-central part of this open room, looking toward the interior doors and passage/core area. | K67: =B67&"|"&C67 -> Floor 3|2.1
A68: T1.70 | B68: Floor 3 | C68: 2.2 | D68: Wide | E68: 40 | F68: 18 | G68: 39 | H68: 20 | I68: 2.236 | J68: The photo most likely shows the open office area 302 (KONTORSLANDSKAP), near its left/west side by the facade windows and round columns. The visible exterior windows, carpeted open space, and nearby internal glass door toward the core match this area. I placed the point slightly inside the west-central part of room 302, consistent with a camera looking toward the inner door/core. | K68: =B68&"|"&C68 -> Floor 3|2.2
A69: T1.71 | B69: Floor 3 | C69: 2.2 | D69: Wide | E69: 40 | F69: 18 | G69: 40 | H69: 23 | I69: 5 | J69: The query shows a large open office/common area with carpet, perimeter windows, a glazed exterior door, and multiple round structural columns. This best matches room 302 KONTORSLANDSKAP on the floorplan, which is the main open area with columns. The camera is most likely positioned in the right-central part of that room, looking toward the upper-left exterior wall and the nearby internal door/core. | K69: =B69&"|"&C69 -> Floor 3|2.2
A70: T1.72 | B70: Floor 3 | C70: 2.2 | D70: Wide | E70: 40 | F70: 18 | G70: 39 | H70: 22 | I70: 4.123 | J70: The photo most likely shows the open office area 302 (Kontorslandskap): large carpeted open space, perimeter windows, several round columns, and a nearby glass door toward the service/core area. The camera appears to be inside the southwest-central part of room 302, looking toward the east/southeast toward the passage/core, so the best floorplan position is around (3195, 1830) | K70: =B70&"|"&C70 -> Floor 3|2.2
A71: T1.73 | B71: Floor 3 | C71: 2_pano | D71: Panorama | E71: 40 | F71: 18 | G71: 38 | H71: 21 | I71: 3.606 | J71: The query shows a large open office area with many perimeter windows, a central round column, and a small pantry/kitchenette visible inside the room. This best matches room 302 KONTORSLANDSKAP, especially near its upper-central part by the pantry/entrance zone. The point is placed slightly inside that open area near the central columns where the panorama was likely taken. | K71: =B71&"|"&C71 -> Floor 3|2_pano
A72: T1.74 | B72: Floor 3 | C72: 2_pano | D72: Panorama | E72: 40 | F72: 18 | G72: 39 | H72: 21 | I72: 3.162 | J72: The query shows a large open-plan office with many exterior windows, a small pantry/kitchenette, and round interior columns. This best matches room 302 KONTORSLANDSKAP. The camera is most likely positioned near the middle-left part of that open area, looking across toward the pantry/meeting-room side and the windowed exterior wall. | K72: =B72&"|"&C72 -> Floor 3|2_pano
A73: T1.75 | B73: Floor 3 | C73: 2_pano | D73: Panorama | E73: 40 | F73: 18 | G73: 39 | H73: 20 | I73: 2.236 | J73: The query shows a large open office area with many exterior windows along a long angled facade, plus visible interior columns and a small pantry/kitchen island. This best matches room 302 KONTORSLANDSKAP. The camera is likely placed near the middle-left portion of that open space, looking across toward the windows and pantry side. | K73: =B73&"|"&C73 -> Floor 3|2_pano
A74: T1.76 | B74: Floor 3 | C74: 3.1 | D74: Wide | E74: 31 | F74: 23 | G74: 34 | H74: 26 | I74: 4.243 | J74: The query shows a covered exterior balcony/walkway with a long row of windows and a door into office space. On the floorplan, the distinctive diagonal area labeled 'BALKONG' along the southeast side of the large office landscape best matches this. The camera is most likely positioned on that balcony near its middle, looking along the windowed facade toward the far end. | K74: =B74&"|"&C74 -> Floor 3|3.1
A75: T1.77 | B75: Floor 3 | C75: 3.1 | D75: Wide | E75: 31 | F75: 23 | G75: 32 | H75: 25 | I75: 2.236 | J75: The query shows a covered exterior balcony/walkway with windows on one side and open railing/lightwell on the other. On the floorplan, this best matches the long diagonal area labeled ‘BALKONG’ beside room 302. The perspective looks along the balcony toward its narrower end, so the camera is placed on the BALKONG near its upper-left half, facing down the diagonal passage. | K75: =B75&"|"&C75 -> Floor 3|3.1
A76: T1.78 | B76: Floor 3 | C76: 3.1 | D76: Wide | E76: 31 | F76: 23 | G76: 35 | H76: 26 | I76: 5 | J76: The query shows an exterior-like covered balcony/walkway with a long windowed facade and railing/open edge on the right. On the floorplan, the clearest match is the diagonal area labeled ‘BALKONG’ beside room 302, near the small door connection from the stair/hall core. The camera is best placed partway along this balcony, close to the inner facade and looking along the walkway. | K76: =B76&"|"&C76 -> Floor 3|3.1
A77: T1.79 | B77: Floor 3 | C77: 3.2 | D77: Wide | E77: 31 | F77: 23 | G77: 33 | H77: 28 | I77: 5.385 | J77: The query shows a narrow exterior balcony/walkway with a glass railing and a door into a large open office area. On the floorplan, the only clear balcony-like space is labeled ‘BALKONG’ along the southeast side of room 302 KONTORSLANDSKAP. The camera is most likely standing on this balcony near the door from the balcony into the open office, roughly at the midpoint-right section of the balcony edge. | K77: =B77&"|"&C77 -> Floor 3|3.2
A78: T1.80 | B78: Floor 3 | C78: 3.2 | D78: Wide | E78: 31 | F78: 23 | G78: 32 | H78: 26 | I78: 3.162 | J78: The query shows a small exterior/balcony-like access space with a glass railing and a door into a large open office area. On the floorplan, the only clear matching spot is the angled balcony labeled ‘BALKONG’ connected by a door to room 302 ‘KONTORSLANDSKAP’. The camera appears to stand on the balcony near the wall and door at the upper end of that balcony, so the best estimate is just outside the door along the balcony edge. | K78: =B78&"|"&C78 -> Floor 3|3.2
A79: T1.81 | B79: Floor 3 | C79: 3.2 | D79: Wide | E79: 31 | F79: 23 | G79: 34 | H79: 26 | I79: 4.243 | J79: The query shows a narrow exterior balcony/walkway with a glass railing and a door into a large open office area. On the floorplan, the distinctive diagonal area labeled ‘BALKONG’ adjoining the large room 302 KONTORSLANDSKAP best matches this scene. The camera is most likely positioned on that balcony near the door into room 302, roughly at this point. | K79: =B79&"|"&C79 -> Floor 3|3.2
A80: T1.82 | B80: Floor 3 | C80: 3_pano | D80: Panorama | E80: 31 | F80: 23 | G80: 45 | H80: 29 | I80: 15.232 | J80: The query shows an exterior-like narrow balcony/walkway with railing along the facade and a glass door into a large open room. On the plan, the best match is the long diagonal area labeled ‘BALKONG’ beside the large open office ‘302 KONTORSLANDSKAP’. The camera is most likely on that balcony near the door into 302, roughly mid-to-lower part of the diagonal walkway. | K80: =B80&"|"&C80 -> Floor 3|3_pano
A81: T1.83 | B81: Floor 3 | C81: 3_pano | D81: Panorama | E81: 31 | F81: 23 | G81: 39 | H81: 27 | I81: 8.944 | J81: The query shows an exterior balcony/walkway along the building facade with railing, windows, and a glass door into a large open office area. On the floorplan, this best matches the long diagonal area labeled BALKONG adjacent to room 302 KONTORSLANDSKAP. The camera appears to be on that balcony near the door into the open office, roughly at the middle-right part of the balcony. | K81: =B81&"|"&C81 -> Floor 3|3_pano
A82: T1.84 | B82: Floor 3 | C82: 3_pano | D82: Panorama | E82: 31 | F82: 23 | G82: 35 | H82: 26 | I82: 5 | J82: The query shows an outdoor balcony/walkway along the building façade with railing, windows, and a door into a large open interior space. On the floorplan, this best matches the long diagonal area labeled ‘BALKONG’ beside the open office area 302 and near passage 306. The camera appears to be on this balcony roughly around its middle section, facing along the walkway toward the right. | K82: =B82&"|"&C82 -> Floor 3|3_pano
A83: T1.85 | B83: Floor 3 | C83: 4.1 | D83: Wide | E83: 30 | F83: 17 | G83: 44 | H83: 30 | I83: 19.105 | J83: The query shows a small elevator lobby with a lift and a glazed door opening into a larger office area. On the plan, the clearest match is the small elevator area labeled 311 ELC beside 312 MÖTESRUM and the large 302 KONTORSLANDSKAP. The camera is most likely just outside the elevator, inside that small lobby, facing toward the glazed door into the open office area. | K83: =B83&"|"&C83 -> Floor 3|4.1
A84: T1.86 | B84: Floor 3 | C84: 4.1 | D84: Wide | E84: 30 | F84: 17 | G84: 44 | H84: 28 | I84: 17.804 | J84: The query shows a small elevator lobby with one lift and a glazed door opening into office space. On the plan, the clearest match is the elevator area labeled 311 ELC beside rooms 309–310 and 312 MÖTESRUM in the southeast cluster. The camera appears to be standing just outside the elevator, facing it and the glazed door, so the best position is in the small lobby immediately west/northwest of the elevator core. | K84: =B84&"|"&C84 -> Floor 3|4.1
A85: T1.87 | B85: Floor 3 | C85: 4.1 | D85: Wide | E85: 30 | F85: 17 | G85: 44 | H85: 29 | I85: 18.439 | J85: The query shows a small elevator lobby with a lift directly ahead-left and a glazed door opening into a brighter room/corridor. On the floorplan, the best match is the elevator area labeled 311 ELC beside room 312 MÖTESRUM and the adjacent passage 306/307 on the right side of the plan. The camera is most likely standing just west of the elevator core in the small lobby, facing the elevator and the glazed door. | K85: =B85&"|"&C85 -> Floor 3|4.1
A86: T1.88 | B86: Floor 3 | C86: 4.2 | D86: Wide | E86: 30 | F86: 17 | G86: 20 | H86: 21 | I86: 10.77 | J86: The query image shows an enclosed stairwell with a turning staircase, narrow walls, and a tall exterior window at the landing. On the floorplan, the best match is the prominent stair core in the left-central part of the plan. The point is placed on the stair run/landing area where the camera would likely stand while looking upward toward the window. | K86: =B86&"|"&C86 -> Floor 3|4.2
A87: T1.89 | B87: Floor 3 | C87: 4.2 | D87: Wide | E87: 30 | F87: 17 | G87: 32 | H87: 21 | I87: 4.472 | J87: The query image shows an enclosed stairwell with a turning stair, handrails on both sides, and a tall exterior window at the landing. On the floorplan, the most likely match is the main stair core just below area 300 TRAPPHUS near HISS/B301. The point is placed on the stair run/landing where the camera would be standing while looking up toward the window. | K87: =B87&"|"&C87 -> Floor 3|4.2
A88: T1.90 | B88: Floor 3 | C88: 4.2 | D88: Wide | E88: 30 | F88: 17 | G88: 19 | H88: 20 | I88: 11.402 | J88: The query image shows an enclosed stairwell with a turning stair, window, and handrails on both sides. On the floorplan, the most likely match is the main stair core in the left-central part of the plan. The point is placed within that stairwell near the inner landing, matching a camera position looking upward along the next flight. | K88: =B88&"|"&C88 -> Floor 3|4.2
A89: T1.91 | B89: Floor 3 | C89: 4.pano | D89: Panorama | E89: 30 | F89: 17 | G89: 41 | H89: 28 | I89: 15.556 | J89: The query shows a small stair/elevator lobby: stairs on the right, an elevator directly beside the landing, and a glazed door ahead. On the floorplan, the clearest match is the elevator core labeled 311 ELC next to the stair and lobby area around room 312 MÖTESRUM / passage 306-310. The camera is most likely standing in that small landing just west of the elevator and stair, facing toward the glazed door. | K89: =B89&"|"&C89 -> Floor 3|4.pano
A90: T1.92 | B90: Floor 3 | C90: 4.pano | D90: Panorama | E90: 30 | F90: 17 | G90: 45 | H90: 30 | I90: 19.849 | J90: The query shows a stair landing with an elevator directly beside it and a door opening to a bright room. On the floorplan, the clearest match is the small elevator labeled 311 ELC next to the stair core and meeting room 312 in the southeast area. The camera is most likely on the landing just west/northwest of the elevator, facing toward the door and stairs. | K90: =B90&"|"&C90 -> Floor 3|4.pano
A91: T1.93 | B91: Floor 3 | C91: 4.pano | D91: Panorama | E91: 30 | F91: 17 | G91: 41 | H91: 31 | I91: 17.804 | J91: The query shows a stair landing with an elevator directly beside it and a glazed door ahead. On the floorplan, the clearest match is the small core around room 311 ELC next to stairs and the nearby 312 MÖTESRUM/306 PASSAGE area on the right side. The point is placed on the landing just west of the elevator/stair core, matching the camera standing position looking toward the door and stair. | K91: =B91&"|"&C91 -> Floor 3|4.pano
A92: T1.94 | B92: Floor 3 | C92: 5.1 | D92: Wide | E92: 40 | F92: 31 | G92: 32 | H92: 38 | I92: 10.63 | J92: The query shows a very small enclosed office/clinic-type room with carpet, suspended ceiling, a single inward door with a glazed panel to a corridor, and wall service fittings. On the plan, the row of many small similar rooms along the lower middle/right side best matches this type of space. The camera appears placed near the back-right corner of one such room, looking diagonally toward the door, so the best estimate is inside one of these small rooms just south of room B303 passage. | K92: =B92&"|"&C92 -> Floor 3|5.1
A93: T1.95 | B93: Floor 3 | C93: 5.1 | D93: Wide | E93: 40 | F93: 31 | G93: 29 | H93: 36 | I93: 12.083 | J93: The query shows a very small office/clinic-style room with carpet, a floor box, a door with interior glazing to a corridor, and a wall-mounted service hose, which best matches one of the small cellular rooms along the south corridor rather than the large open office. I placed the camera inside one of the narrow rooms in the lower middle row, near the corner opposite the corridor door, giving the shown view toward the door and side wall. | K93: =B93&"|"&C93 -> Floor 3|5.1
A94: T1.96 | B94: Floor 3 | C94: 5.1 | D94: Wide | E94: 40 | F94: 31 | G94: 31 | H94: 39 | I94: 12.042 | J94: The query shows a very small enclosed office/clinic-type room with carpet, a single inward door with glazed panel to a corridor, and visible service outlets/ducting on the wall. On the plan, the best match is one of the small repeated rooms along the lower-central corridor; this point places the camera inside one such room, near the back-right side, looking toward its corridor door. | K94: =B94&"|"&C94 -> Floor 3|5.1
A95: T1.97 | B95: Floor 3 | C95: 5.2 | D95: Wide | E95: 40 | F95: 31 | G95: 38 | H95: 23 | I95: 8.246 | J95: The photo appears to be taken in the narrow glazed corridor/balcony area labeled ‘BALKONG’, beside the large open office ‘302 KONTORSLANDSKAP’. The left-side exterior/courtyard window and the interior glass door into the open office match this connecting passage. The point is placed in that corridor near its upper end, just outside the office entrance. | K95: =B95&"|"&C95 -> Floor 3|5.2
A96: T1.98 | B96: Floor 3 | C96: 5.2 | D96: Wide | E96: 40 | F96: 31 | G96: 37 | H96: 29 | I96: 3.606 | J96: The query appears to be taken from the narrow internal corridor/transition area along the balcony/atrium edge, looking through glazed doors into the large open office 302 KONTORSLANDSKAP. The exterior-facing/atrium window on the left and the small vestibule-like space match the angled corridor near the BALKONG connection just southwest of room 302. | K96: =B96&"|"&C96 -> Floor 3|5.2
A97: T1.99 | B97: Floor 3 | C97: 5.2 | D97: Wide | E97: 40 | F97: 31 | G97: 35 | H97: 27 | I97: 6.403 | J97: The photo appears to be taken in the narrow glazed corridor/balcony connection labeled ‘BALKONG’, beside an exterior-facing window into the inner courtyard and looking through a glass door into the open office area 302 KONTORSLANDSKAP. The best camera position is near the northwest end of that diagonal balcony corridor, just outside the open office entrance. | K97: =B97&"|"&C97 -> Floor 3|5.2
A98: T1.100 | B98: Floor 3 | C98: 5.pano | D98: Panorama | E98: 40 | F98: 31 | G98: 42 | H98: 24 | I98: 7.28 | J98: The query appears to be a small enclosed room/vestibule with an exterior window on the left and interior glazed doors opening into a large open office. On the floorplan, this best matches room 307 (SAMTALSRUM) beside 306 PASSAGE and adjacent to the large 302 KONTORSLANDSKAP. The camera is most likely positioned inside room 307 near its exterior window, facing back toward the glazed openings to the open office/passage. | K98: =B98&"|"&C98 -> Floor 3|5.pano
A99: T1.101 | B99: Floor 3 | C99: 5.pano | D99: Panorama | E99: 40 | F99: 31 | G99: 30 | H99: 23 | I99: 12.806 | J99: The query appears to be taken from a small enclosed room or vestibule with an exterior window on one side and glazed doors/windows opening into a large open office area. On the plan, the best match is the small angled room at the southwest edge of 302 KONTORSLANDSKAP, adjacent to the marked BALKONG and connected to the open office by doors. The point is placed inside that small room near its outer window wall, matching the camera looking inward toward the open office. | K99: =B99&"|"&C99 -> Floor 3|5.pano
A100: T1.102 | B100: Floor 3 | C100: 5.pano | D100: Panorama | E100: 40 | F100: 31 | G100: 44 | H100: 26 | I100: 6.403 | J100: The query appears to be a small enclosed room with an exterior window on the left and interior glazed doors/windows opening into a large open office area. On the floorplan, the best match is room 303 (PENTRY) beside the large 302 KONTORSLANDSKAP, along the exterior facade. The camera is likely near the outer wall/window side of 303, looking inward toward 302. | K100: =B100&"|"&C100 -> Floor 3|5.pano
...

Sheet Pixel prompt
A1: Id | B1: Floor | C1: Image id | D1: Image Type | E1: True x | F1: True y | G1: Predicted x | H1: Predicted y | I1: Euclidean error | J1: Reasoning | K1: Floor & Image id | L1: Column 2 | M1: Unique floor & image | N1: Column 4 | O1: Column 5 | P1: Notes | Q1: Column 17 | R1: Column 18 | S1: Column 19 | T1: Column 21 | U1: Column 1 | V1: Column 20
A2: T2.1 | B2: Floor 5 | C2: 1.1 | D2: Wide | E2: 39 | F2: 15 | G2: 36 | H2: 17 | I2: 3.606 | J2: The photo shows a kitchenette/pantry with microwaves, sink, fridge, and a sloped exterior wall with windows. On the floorplan, room 505 labeled 'PENTRY' matches this layout and sits beside the larger open office area seen through the doorway. The camera is most likely inside the pantry near its lower-left side, facing toward the doorway and sloped wall. | K2: =B2&"|"&C2 -> Floor 5|1.1 | M2: {=UNIQUE(K2:K109)} -> Floor 5|1.1 | N2: =IFERROR(__xludf.DUMMYFUNCTION("MIN(FILTER($I$2:$I109,$K$2:$K109=M2))"),2.828) -> 2.828 | O2: =IFERROR(__xludf.DUMMYFUNCTION("MAX(FILTER($I$2:$I109,$K$2:$K109=M2))"),3.606) -> 3.606 | P2: =O2-N2 -> 0.778 | R2: =COUNTIF(P2:P109,">0") -> 33 | S2: =COUNTIF(P2:P109,">0")/COUNTA(M2:M109) -> 0.91666667
A3: T2.2 | B3: Floor 5 | C3: 1.1 | D3: Wide | E3: 39 | F3: 15 | G3: 37 | H3: 17 | I3: 2.828 | J3: The photo shows a kitchenette/pantry with sloped ceiling and a doorway into an adjacent office area. On the floorplan, room 505 labeled 'PENTRY' matches this kitchenette and sits next to the open office area 504, consistent with the view through the door. The camera is most likely positioned inside the pantry near its lower-left side, looking toward the doorway. | K3: =B3&"|"&C3 -> Floor 5|1.1 | M3: Floor 5|1.2 | N3: =IFERROR(__xludf.DUMMYFUNCTION("MIN(FILTER($I$2:$I109,$K$2:$K109=M3))"),5.831) -> 5.831 | O3: =IFERROR(__xludf.DUMMYFUNCTION("MAX(FILTER($I$2:$I109,$K$2:$K109=M3))"),7.81) -> 7.81 | P3: =O3-N3 -> 1.979 | R3: =COUNTIF(P2:P109,">1") -> 18 | S3: =COUNTIF(P2:P109,">1")/COUNTA(M2:M109) -> 0.5
A4: T2.3 | B4: Floor 5 | C4: 1.1 | D4: Wide | E4: 39 | F4: 15 | G4: 37 | H4: 17 | I4: 2.828 | J4: The photo shows a kitchenette/pantry with cabinets, sink, microwaves, and a sloped roof. On the floorplan, room 505 is labeled PENTRY and sits beside the open office area, matching the visible doorway into offices and the angled exterior wall. The camera is most likely inside room 505 near its open side, facing the kitchenette wall and doorway. | K4: =B4&"|"&C4 -> Floor 5|1.1 | M4: Floor 5|1_pano | N4: =IFERROR(__xludf.DUMMYFUNCTION("MIN(FILTER($I$2:$I109,$K$2:$K109=M4))"),2.828) -> 2.828 | O4: =IFERROR(__xludf.DUMMYFUNCTION("MAX(FILTER($I$2:$I109,$K$2:$K109=M4))"),2.828) -> 2.828 | P4: =O4-N4 -> 0 | R4: =COUNTIF(P2:P109,">3") -> 7 | S4: =COUNTIF(P2:P109,">3")/COUNTA(M2:M109) -> 0.19444444
A5: T2.4 | B5: Floor 5 | C5: 1.2 | D5: Wide | E5: 39 | F5: 15 | G5: 36 | H5: 22 | I5: 7.616 | J5: The photo appears to be taken in the open office/kitchen transition area: tiled floor beside carpeted office space, with windows/open desks to the left and a kitchenette/fridge plus a small enclosed room/core area to the right. This best matches the central-right side of room 504 near the pantry/core boundary, just west of the 510/516/517 service cluster. | K5: =B5&"|"&C5 -> Floor 5|1.2 | M5: Floor 5|2.1 | N5: =IFERROR(__xludf.DUMMYFUNCTION("MIN(FILTER($I$2:$I109,$K$2:$K109=M5))"),1.0) -> 1 | O5: =IFERROR(__xludf.DUMMYFUNCTION("MAX(FILTER($I$2:$I109,$K$2:$K109=M5))"),4.472) -> 4.472 | P5: =O5-N5 -> 3.472 | R5: =COUNTIF(P2:P109,">5") -> 6 | S5: =COUNTIF(P2:P109,">5")/COUNTA(M2:M109) -> 0.16666667
A6: T2.5 | B6: Floor 5 | C6: 1.2 | D6: Wide | E6: 39 | F6: 15 | G6: 34 | H6: 21 | I6: 7.81 | J6: The photo appears to be taken in the open office/pantry transition area: carpeted open workspace with windows on the left, tiled kitchenette/pantry zone on the right, and a small partition wall between them. This best matches the boundary between room 505 PENTRY and 504 KONTORSLANDSKAP, near the passage toward 503. | K6: =B6&"|"&C6 -> Floor 5|1.2 | M6: Floor 5|2.2 | N6: =IFERROR(__xludf.DUMMYFUNCTION("MIN(FILTER($I$2:$I109,$K$2:$K109=M6))"),2.236) -> 2.236 | O6: =IFERROR(__xludf.DUMMYFUNCTION("MAX(FILTER($I$2:$I109,$K$2:$K109=M6))"),13.153) -> 13.153 | P6: =O6-N6 -> 10.917 | R6: =COUNTIF(P3:P109,">10") -> 3 | S6: =COUNTIF(P3:P109,">10")/COUNTA(M3:M109) -> 0.085714286
A7: T2.6 | B7: Floor 5 | C7: 1.2 | D7: Wide | E7: 39 | F7: 15 | G7: 36 | H7: 20 | I7: 5.831 | J7: The photo appears to be taken in the pantry/open-office transition area: tiled kitchenette floor on the right, carpeted office area with desks and windows on the left, and a small enclosed booth/door ahead. This best matches the boundary between room 505 PENRTY and 504 KONTORSLANDSKAP near the passage connection. | K7: =B7&"|"&C7 -> Floor 5|1.2 | M7: Floor 5|2.pano | N7: =IFERROR(__xludf.DUMMYFUNCTION("MIN(FILTER($I$2:$I109,$K$2:$K109=M7))"),1.0) -> 1 | O7: =IFERROR(__xludf.DUMMYFUNCTION("MAX(FILTER($I$2:$I109,$K$2:$K109=M7))"),3.162) -> 3.162 | P7: =O7-N7 -> 2.162
A8: T2.7 | B8: Floor 5 | C8: 1_pano | D8: Panorama | E8: 39 | F8: 15 | G8: 37 | H8: 17 | I8: 2.828 | J8: The photo shows a pantry/kitchenette opening into a larger meeting room with a sloped exterior wall and a row of low windows. This matches room 505 PANTRY adjoining 506 MÖTESRUM; the camera is best placed in the pantry near the kitchenette wall, looking into the meeting room and open office to the left. | K8: =B8&"|"&C8 -> Floor 5|1_pano | M8: Floor 5|3.1 | N8: =IFERROR(__xludf.DUMMYFUNCTION("MIN(FILTER($I$2:$I109,$K$2:$K109=M8))"),4.472) -> 4.472 | O8: =IFERROR(__xludf.DUMMYFUNCTION("MAX(FILTER($I$2:$I109,$K$2:$K109=M8))"),5.385) -> 5.385 | P8: =O8-N8 -> 0.913
A9: T2.8 | B9: Floor 5 | C9: 1_pano | D9: Panorama | E9: 39 | F9: 15 | G9: 37 | H9: 17 | I9: 2.828 | J9: The photo shows a pantry/kitchenette directly beside a low-sloped windowed meeting area, matching room 505 (PENTRY) opening into 506 (MÖTESRUM). The camera is best placed near the kitchenette side of 505, looking across into the meeting room with the row of low windows. | K9: =B9&"|"&C9 -> Floor 5|1_pano | M9: Floor 5|3.2 | N9: =IFERROR(__xludf.DUMMYFUNCTION("MIN(FILTER($I$2:$I109,$K$2:$K109=M9))"),4.0) -> 4 | O9: =IFERROR(__xludf.DUMMYFUNCTION("MAX(FILTER($I$2:$I109,$K$2:$K109=M9))"),5.099) -> 5.099 | P9: =O9-N9 -> 1.099
A10: T2.9 | B10: Floor 5 | C10: 1_pano | D10: Panorama | E10: 39 | F10: 15 | G10: 37 | H10: 17 | I10: 2.828 | J10: The photo shows a small pantry/kitchenette directly beside a sloped-roof meeting room with a row of low windows, matching room 505 (PENTRY) opening into 506 (MÖTESRUM). The camera is best placed near the boundary between these spaces, inside the pantry area looking across into the meeting room and open office. | K10: =B10&"|"&C10 -> Floor 5|1_pano | M10: Floor 5|3_pano | N10: =IFERROR(__xludf.DUMMYFUNCTION("MIN(FILTER($I$2:$I109,$K$2:$K109=M10))"),12.207) -> 12.207 | O10: =IFERROR(__xludf.DUMMYFUNCTION("MAX(FILTER($I$2:$I109,$K$2:$K109=M10))"),12.806) -> 12.806 | P10: =O10-N10 -> 0.599
A11: T2.10 | B11: Floor 5 | C11: 2.1 | D11: Wide | E11: 44 | F11: 16 | G11: 43 | H11: 16 | I11: 1 | J11: The photo shows a very small office under a sloped roof with two exterior windows meeting at an angled corner, which best matches the narrow corner office 507 at the top-right of the plan. The camera appears positioned inside that room, a bit back from the windows and looking toward the exterior corner. | K11: =B11&"|"&C11 -> Floor 5|2.1 | M11: Floor 5|4.1 | N11: =IFERROR(__xludf.DUMMYFUNCTION("MIN(FILTER($I$2:$I109,$K$2:$K109=M11))"),10.63) -> 10.63 | O11: =IFERROR(__xludf.DUMMYFUNCTION("MAX(FILTER($I$2:$I109,$K$2:$K109=M11))"),11.402) -> 11.402 | P11: =O11-N11 -> 0.772 | U11: utanför byggnad
A12: T2.11 | B12: Floor 5 | C12: 2.1 | D12: Wide | E12: 44 | F12: 16 | G12: 47 | H12: 17 | I12: 3.162 | J12: The photo shows a small attic-like office with strongly sloped ceilings and two exterior windows meeting at a corner. On the floorplan, the best match is the narrow corner office 507 at the angled façade, where two windowed exterior walls create this geometry. The camera is likely positioned slightly inside that room, looking toward the corner windows. | K12: =B12&"|"&C12 -> Floor 5|2.1 | M12: Floor 5|4.2 | N12: =IFERROR(__xludf.DUMMYFUNCTION("MIN(FILTER($I$2:$I109,$K$2:$K109=M12))"),19.723) -> 19.723 | O12: =IFERROR(__xludf.DUMMYFUNCTION("MAX(FILTER($I$2:$I109,$K$2:$K109=M12))"),20.591) -> 20.591 | P12: =O12-N12 -> 0.868
A13: T2.12 | B13: Floor 5 | C13: 2.1 | D13: Wide | E13: 44 | F13: 16 | G13: 42 | H13: 20 | I13: 4.472 | J13: The query shows a very small attic-like office with a strongly sloped ceiling and two exterior windows meeting at a corner, which best matches the narrow corner office 507 on the angled outer facade. The camera appears to be inside that room near its interior side, aimed toward the exterior corner windows. | K13: =B13&"|"&C13 -> Floor 5|2.1 | M13: Floor 5|4.pano | N13: =IFERROR(__xludf.DUMMYFUNCTION("MIN(FILTER($I$2:$I109,$K$2:$K109=M13))"),19.235) -> 19.235 | O13: =IFERROR(__xludf.DUMMYFUNCTION("MAX(FILTER($I$2:$I109,$K$2:$K109=M13))"),19.723) -> 19.723 | P13: =O13-N13 -> 0.488
A14: T2.13 | B14: Floor 5 | C14: 2.2 | D14: Wide | E14: 44 | F14: 16 | G14: 42 | H14: 28 | I14: 12.166 | J14: The photo appears to be taken inside a small enclosed office with carpet, looking through a single door into the larger open office area that has visible columns. On the floorplan, room 517 (KONTOR) best matches this setup: a small office opening directly into the open office landscape near the columns and circulation area. | K14: =B14&"|"&C14 -> Floor 5|2.2 | M14: Floor 5|5.1 | N14: =IFERROR(__xludf.DUMMYFUNCTION("MIN(FILTER($I$2:$I109,$K$2:$K109=M14))"),19.416) -> 19.416 | O14: =IFERROR(__xludf.DUMMYFUNCTION("MAX(FILTER($I$2:$I109,$K$2:$K109=M14))"),21.401) -> 21.401 | P14: =O14-N14 -> 1.985
A15: T2.14 | B15: Floor 5 | C15: 2.2 | D15: Wide | E15: 44 | F15: 16 | G15: 42 | H15: 29 | I15: 13.153 | J15: The photo appears taken inside a small office looking out through a single doorway into the larger open office area with visible round columns. On the plan, the small enclosed offices along the right side (especially room 517) border the open office landscape and match this setup best. The point is placed inside room 517 near its doorway facing the open area. | K15: =B15&"|"&C15 -> Floor 5|2.2 | M15: Floor 5|5.2 | N15: =IFERROR(__xludf.DUMMYFUNCTION("MIN(FILTER($I$2:$I109,$K$2:$K109=M15))"),1.0) -> 1 | O15: =IFERROR(__xludf.DUMMYFUNCTION("MAX(FILTER($I$2:$I109,$K$2:$K109=M15))"),1.0) -> 1 | P15: =O15-N15 -> 0 | U15: väldigt annorlunda svar från de tidigare två
A16: T2.15 | B16: Floor 5 | C16: 2.2 | D16: Wide | E16: 44 | F16: 16 | G16: 42 | H16: 17 | I16: 2.236 | J16: The photo appears to be taken inside a small office looking out through a single door into the larger open office area with visible columns. On the plan, the small perimeter offices along the right side (especially room 507) open into the large room 504 and best match this setup. The camera is placed inside that office near the outer wall, facing inward toward the doorway and open office. | K16: =B16&"|"&C16 -> Floor 5|2.2 | M16: Floor 5|5.pano | N16: =IFERROR(__xludf.DUMMYFUNCTION("MIN(FILTER($I$2:$I109,$K$2:$K109=M16))"),2.0) -> 2 | O16: =IFERROR(__xludf.DUMMYFUNCTION("MAX(FILTER($I$2:$I109,$K$2:$K109=M16))"),3.606) -> 3.606 | P16: =O16-N16 -> 1.606
A17: T2.16 | B17: Floor 5 | C17: 2.pano | D17: Panorama | E17: 44 | F17: 16 | G17: 43 | H17: 19 | I17: 3.162 | J17: The photo appears to be taken inside a small perimeter office with a sloped exterior wall and multiple windows on the right, looking back through the door into the corridor. On the floorplan, room 507 best matches this shape and window placement along the angled façade, so the camera is placed inside 507 near the window side facing the doorway. | K17: =B17&"|"&C17 -> Floor 5|2.pano | M17: Floor 5|6.1 | N17: =IFERROR(__xludf.DUMMYFUNCTION("MIN(FILTER($I$2:$I109,$K$2:$K109=M17))"),5.831) -> 5.831 | O17: =IFERROR(__xludf.DUMMYFUNCTION("MAX(FILTER($I$2:$I109,$K$2:$K109=M17))"),6.403) -> 6.403 | P17: =O17-N17 -> 0.572
A18: T2.17 | B18: Floor 5 | C18: 2.pano | D18: Panorama | E18: 44 | F18: 16 | G18: 45 | H18: 16 | I18: 1 | J18: The photo appears to be from a small perimeter office with a sloped exterior wall/ceiling, windows along the right side, and a single inward door opening to the corridor. On the floorplan, room 507 best matches this wedge-shaped office at the top-right edge; the camera seems positioned inside that room near the windowed exterior wall, facing back toward the door. | K18: =B18&"|"&C18 -> Floor 5|2.pano | M18: Floor 5|6.2 | N18: =IFERROR(__xludf.DUMMYFUNCTION("MIN(FILTER($I$2:$I109,$K$2:$K109=M18))"),3.606) -> 3.606 | O18: =IFERROR(__xludf.DUMMYFUNCTION("MAX(FILTER($I$2:$I109,$K$2:$K109=M18))"),5.657) -> 5.657 | P18: =O18-N18 -> 2.051
A19: T2.18 | B19: Floor 5 | C19: 2.pano | D19: Panorama | E19: 44 | F19: 16 | G19: 43 | H19: 19 | I19: 3.162 | J19: The query shows a small attic-like office with strongly sloped ceiling, exterior windows along the right side, and a door opening toward a corridor. On the plan, the most likely match is one of the narrow perimeter offices on the angled right facade; room 507 best fits the small size, exterior window wall, and doorway into the internal circulation zone. The point is placed inside room 507, slightly in from the window side, representing the camera position facing the door. | K19: =B19&"|"&C19 -> Floor 5|2.pano | M19: Floor 5|6_pano | N19: =IFERROR(__xludf.DUMMYFUNCTION("MIN(FILTER($I$2:$I109,$K$2:$K109=M19))"),5.0) -> 5 | O19: =IFERROR(__xludf.DUMMYFUNCTION("MAX(FILTER($I$2:$I109,$K$2:$K109=M19))"),7.211) -> 7.211 | P19: =O19-N19 -> 2.211
A20: T2.19 | B20: Floor 5 | C20: 3.1 | D20: Wide | E20: 39 | F20: 22 | G20: 43 | H20: 20 | I20: 4.472 | J20: The photo shows a small perimeter office with several desks directly along an exterior window wall and a corner-like glazed facade. On the plan, room 508 (Kontor) best matches this size, shape, and long exterior window exposure on the right side of the building. The camera is likely positioned inside that room, a bit back from the windows and looking outward toward the facade. | K20: =B20&"|"&C20 -> Floor 5|3.1 | M20: Floor 3|1.1 | N20: =IFERROR(__xludf.DUMMYFUNCTION("MIN(FILTER($I$2:$I109,$K$2:$K109=M20))"),30.414) -> 30.414 | O20: =IFERROR(__xludf.DUMMYFUNCTION("MAX(FILTER($I$2:$I109,$K$2:$K109=M20))"),31.145) -> 31.145 | P20: =O20-N20 -> 0.731
A21: T2.20 | B21: Floor 5 | C21: 3.1 | D21: Wide | E21: 39 | F21: 22 | G21: 44 | H21: 20 | I21: 5.385 | J21: The query shows a small office with several desks directly against a long exterior window facade and a corner view outside. On the floorplan, the best match is the window-lined office 508 KONTOR along the angled right exterior wall, near its upper corner where two exterior-facing window directions meet. | K21: =B21&"|"&C21 -> Floor 5|3.1 | M21: Floor 3|1.2 | N21: =IFERROR(__xludf.DUMMYFUNCTION("MIN(FILTER($I$2:$I109,$K$2:$K109=M21))"),12.53) -> 12.53 | O21: =IFERROR(__xludf.DUMMYFUNCTION("MAX(FILTER($I$2:$I109,$K$2:$K109=M21))"),28.16) -> 28.16 | P21: =O21-N21 -> 15.63
A22: T2.21 | B22: Floor 5 | C22: 3.1 | D22: Wide | E22: 39 | F22: 22 | G22: 43 | H22: 20 | I22: 4.472 | J22: The photo shows an office with multiple desks directly along an exterior window facade and a corner-like glazed edge. On the floorplan, the best match is the small perimeter office 507 (KONTOR) on the angled northeast facade, which has windows on two exterior sides and fits the compact furnished office appearance. The camera is placed slightly inside that room, looking out toward the windows. | K22: =B22&"|"&C22 -> Floor 5|3.1 | M22: Floor 3|1.pano | N22: =IFERROR(__xludf.DUMMYFUNCTION("MIN(FILTER($I$2:$I109,$K$2:$K109=M22))"),25.71) -> 25.71 | O22: =IFERROR(__xludf.DUMMYFUNCTION("MAX(FILTER($I$2:$I109,$K$2:$K109=M22))"),31.575) -> 31.575 | P22: =O22-N22 -> 5.865
A23: T2.22 | B23: Floor 5 | C23: 3.2 | D23: Wide | E23: 39 | F23: 22 | G23: 34 | H23: 23 | I23: 5.099 | J23: The photo shows an open office/lounge area with tables, many windows along the outer wall, and a freestanding partition with a TV. This best matches room 504 KONTORSLANDSKAP near the slanted balcony edge and adjacent open workspace, with the camera positioned just inside the open area looking toward an internal partition and the windowed perimeter. | K23: =B23&"|"&C23 -> Floor 5|3.2 | M23: Floor 3|2.1 | N23: =IFERROR(__xludf.DUMMYFUNCTION("MIN(FILTER($I$2:$I109,$K$2:$K109=M23))"),3.0) -> 3 | O23: =IFERROR(__xludf.DUMMYFUNCTION("MAX(FILTER($I$2:$I109,$K$2:$K109=M23))"),3.606) -> 3.606 | P23: =O23-N23 -> 0.606
A24: T2.23 | B24: Floor 5 | C24: 3.2 | D24: Wide | E24: 39 | F24: 22 | G24: 35 | H24: 23 | I24: 4.123 | J24: The photo shows an open office/lounge area with meeting tables, low windows along the exterior wall, and a central partition with a TV. This best matches room 504 KONTORSLANDSKAP near the balcony edge and windowed side, with the camera positioned slightly left of center in the open area looking toward an internal partition and the exterior windows. | K24: =B24&"|"&C24 -> Floor 5|3.2 | M24: Floor 3|2.2 | N24: =IFERROR(__xludf.DUMMYFUNCTION("MIN(FILTER($I$2:$I109,$K$2:$K109=M24))"),4.123) -> 4.123 | O24: =IFERROR(__xludf.DUMMYFUNCTION("MAX(FILTER($I$2:$I109,$K$2:$K109=M24))"),5.099) -> 5.099 | P24: =O24-N24 -> 0.976
A25: T2.24 | B25: Floor 5 | C25: 3.2 | D25: Wide | E25: 39 | F25: 22 | G25: 35 | H25: 22 | I25: 4 | J25: The photo shows an open office/lounge area with meeting tables by a long exterior window wall and a small partition wall carrying a TV. This best matches the large open room 504 (KONTORSLANDSKAP) near the balcony edge, looking toward the windows on the right/northeast side. The camera appears to be inside the open area just southwest of the partition/TV wall. | K25: =B25&"|"&C25 -> Floor 5|3.2 | M25: Floor 3|2_pano | N25: =IFERROR(__xludf.DUMMYFUNCTION("MIN(FILTER($I$2:$I109,$K$2:$K109=M25))"),4.123) -> 4.123 | O25: =IFERROR(__xludf.DUMMYFUNCTION("MAX(FILTER($I$2:$I109,$K$2:$K109=M25))"),6.403) -> 6.403 | P25: =O25-N25 -> 2.28
A26: T2.25 | B26: Floor 5 | C26: 3_pano | D26: Panorama | E26: 39 | F26: 22 | G26: 32 | H26: 12 | I26: 12.207 | J26: The query shows a meeting room with a large table, exterior windows along one side, and adjacent glass-partitioned offices/corridor on the other. This best matches room 506 MÖTESRUM at the top-center of the plan, with the camera positioned inside the room near its lower side looking toward the windows and nearby office area. | K26: =B26&"|"&C26 -> Floor 5|3_pano | M26: Floor 3|3.1 | N26: =IFERROR(__xludf.DUMMYFUNCTION("MIN(FILTER($I$2:$I109,$K$2:$K109=M26))"),2.828) -> 2.828 | O26: =IFERROR(__xludf.DUMMYFUNCTION("MAX(FILTER($I$2:$I109,$K$2:$K109=M26))"),5.385) -> 5.385 | P26: =O26-N26 -> 2.557
A27: T2.26 | B27: Floor 5 | C27: 3_pano | D27: Panorama | E27: 39 | F27: 22 | G27: 32 | H27: 12 | I27: 12.207 | J27: The query shows a meeting room with a large conference table, windows along one exterior side, and glass-walled offices/corridor on the opposite side. On the floorplan, room 506 (MÖTESRUM) best matches this layout, with the camera likely positioned inside that room near its lower-central area facing toward the glass partitions and adjacent offices. | K27: =B27&"|"&C27 -> Floor 5|3_pano | M27: Floor 3|3.2 | N27: =IFERROR(__xludf.DUMMYFUNCTION("MIN(FILTER($I$2:$I109,$K$2:$K109=M27))"),5.385) -> 5.385 | O27: =IFERROR(__xludf.DUMMYFUNCTION("MAX(FILTER($I$2:$I109,$K$2:$K109=M27))"),6.083) -> 6.083 | P27: =O27-N27 -> 0.698
A28: T2.27 | B28: Floor 5 | C28: 3_pano | D28: Panorama | E28: 39 | F28: 22 | G28: 31 | H28: 12 | I28: 12.806 | J28: The query shows a large meeting room with a conference table, windows along the exterior wall on one side, and interior glass offices/corridor on the opposite side. This best matches room 506 MÖTESRUM at the top-center/right of the plan. The camera appears placed inside that room near its lower-left/central area, looking across the room toward the glass-partition side and windows. | K28: =B28&"|"&C28 -> Floor 5|3_pano | M28: Floor 3|3_pano | N28: =IFERROR(__xludf.DUMMYFUNCTION("MIN(FILTER($I$2:$I109,$K$2:$K109=M28))"),6.708) -> 6.708 | O28: =IFERROR(__xludf.DUMMYFUNCTION("MAX(FILTER($I$2:$I109,$K$2:$K109=M28))"),8.544) -> 8.544 | P28: =O28-N28 -> 1.836
A29: T2.31 | B29: Floor 5 | C29: 4.1 | D29: Wide | E29: 42 | F29: 29 | G29: 33 | H29: 22 | I29: 11.402 | J29: The photo shows a small glass-walled meeting room with angled glass partitions opening directly into the large open office by the window façade. On the plan, room 506 (MÖTESRUM) has this distinctive angled shape and sits adjacent to the open office area 504 along the exterior windows, matching the view and geometry. The camera is most likely inside 506 near its lower-right side, looking out through the glass door toward the open office. | K29: =B29&"|"&C29 -> Floor 5|4.1 | M29: Floor 3|4.1 | N29: =IFERROR(__xludf.DUMMYFUNCTION("MIN(FILTER($I$2:$I109,$K$2:$K109=M29))"),17.692) -> 17.692 | O29: =IFERROR(__xludf.DUMMYFUNCTION("MAX(FILTER($I$2:$I109,$K$2:$K109=M29))"),18.385) -> 18.385 | P29: =O29-N29 -> 0.693
A30: T2.32 | B30: Floor 5 | C30: 4.1 | D30: Wide | E30: 42 | F30: 29 | G30: 35 | H30: 21 | I30: 10.63 | J30: The photo appears to be taken inside a small glass-walled meeting room looking out into the large open office by the window façade. On the plan, room 506 (MÖTESRUM) matches this: it is a meeting room opening into the large 504 office landscape, with exterior windows on two angled sides consistent with the view. The camera is likely near the lower-left/inner side of room 506, aimed outward through the glass partition and door. | K30: =B30&"|"&C30 -> Floor 5|4.1 | M30: Floor 3|4.2 | N30: =IFERROR(__xludf.DUMMYFUNCTION("MIN(FILTER($I$2:$I109,$K$2:$K109=M30))"),3.162) -> 3.162 | O30: =IFERROR(__xludf.DUMMYFUNCTION("MAX(FILTER($I$2:$I109,$K$2:$K109=M30))"),3.606) -> 3.606 | P30: =O30-N30 -> 0.444 | U30: säger att den är i 506 (fel) men placerar inte positionen i 506 ändå
A31: T2.33 | B31: Floor 5 | C31: 4.1 | D31: Wide | E31: 42 | F31: 29 | G31: 35 | H31: 20 | I31: 11.402 | J31: The photo appears to be taken inside the small glazed meeting room 506 (MÖTESRUM), looking out through its glass partitions into the adjacent open office area 504. The angular glass walls and nearby open office with exterior windows match the top-central meeting room position, so the camera is best placed slightly inside room 506 near its southeast glass edge. | K31: =B31&"|"&C31 -> Floor 5|4.1 | M31: Floor 3|4.pano | N31: =IFERROR(__xludf.DUMMYFUNCTION("MIN(FILTER($I$2:$I109,$K$2:$K109=M31))"),16.279) -> 16.279 | O31: =IFERROR(__xludf.DUMMYFUNCTION("MAX(FILTER($I$2:$I109,$K$2:$K109=M31))"),18.385) -> 18.385 | P31: =O31-N31 -> 2.106
A32: T2.34 | B32: Floor 5 | C32: 4.2 | D32: Wide | E32: 42 | F32: 29 | G32: 32 | H32: 11 | I32: 20.591 | J32: The photo appears to be taken inside a small glass-walled meeting room along the exterior facade: there is a conference table, chairs, full-height glazing to an adjacent open office, and windows directly to the outside. On the floorplan, room 506 (MÖTESRUM) best matches this setup, positioned on the outer windowed edge and adjacent to the open office area. The camera seems placed near the inner side of that room, looking along the glass partition toward the open office. | K32: =B32&"|"&C32 -> Floor 5|4.2 | M32: Floor 3|5.1 | N32: =IFERROR(__xludf.DUMMYFUNCTION("MIN(FILTER($I$2:$I109,$K$2:$K109=M32))"),11.314) -> 11.314 | O32: =IFERROR(__xludf.DUMMYFUNCTION("MAX(FILTER($I$2:$I109,$K$2:$K109=M32))"),18.385) -> 18.385 | P32: =O32-N32 -> 7.071
A33: T2.35 | B33: Floor 5 | C33: 4.2 | D33: Wide | E33: 42 | F33: 29 | G33: 32 | H33: 12 | I33: 19.723 | J33: The photo appears to be taken inside the meeting room labeled 506 MÖTESRUM: it has a conference table and chairs, exterior windows along one side, and a glass wall looking into the open office area with desks on the other side. The camera seems positioned near the inner-left side of that room, facing along the windowed wall toward the glass partition. | K33: =B33&"|"&C33 -> Floor 5|4.2 | M33: Floor 3|5.2 | N33: =IFERROR(__xludf.DUMMYFUNCTION("MIN(FILTER($I$2:$I109,$K$2:$K109=M33))"),2.0) -> 2 | O33: =IFERROR(__xludf.DUMMYFUNCTION("MAX(FILTER($I$2:$I109,$K$2:$K109=M33))"),8.062) -> 8.062 | P33: =O33-N33 -> 6.062
A34: T2.36 | B34: Floor 5 | C34: 4.2 | D34: Wide | E34: 42 | F34: 29 | G34: 32 | H34: 12 | I34: 19.723 | J34: The photo appears to be taken inside the large meeting room 506 MÖTESRUM: it has a conference table/chairs, exterior windows along one side, and a glass partition looking into the open office area (504) on the other side. The camera seems positioned near the left/west end of room 506, close to the window wall and facing along the glass wall toward the office. | K34: =B34&"|"&C34 -> Floor 5|4.2 | M34: Floor 3|5.pano | N34: =IFERROR(__xludf.DUMMYFUNCTION("MIN(FILTER($I$2:$I109,$K$2:$K109=M34))"),2.236) -> 2.236 | O34: =IFERROR(__xludf.DUMMYFUNCTION("MAX(FILTER($I$2:$I109,$K$2:$K109=M34))"),16.031) -> 16.031 | P34: =O34-N34 -> 13.795
A35: T2.37 | B35: Floor 5 | C35: 4.pano | D35: Panorama | E35: 42 | F35: 29 | G35: 33 | H35: 12 | I35: 19.235 | J35: The photo shows a small glass-walled meeting room with an oval table directly adjacent to a larger open office area and perimeter windows. On the floorplan, room 506 (MÖTESRUM) matches this layout: a meeting room along the outer windowed facade, next to the open office area 504 through angled glass partitions. The estimated camera position is inside 506 near its right/east side, looking across the glass toward the open office. | K35: =B35&"|"&C35 -> Floor 5|4.pano | M35: Floor 3|6.1 | N35: =IFERROR(__xludf.DUMMYFUNCTION("MIN(FILTER($I$2:$I109,$K$2:$K109=M35))"),9.22) -> 9.22 | O35: =IFERROR(__xludf.DUMMYFUNCTION("MAX(FILTER($I$2:$I109,$K$2:$K109=M35))"),9.849) -> 9.849 | P35: =O35-N35 -> 0.629
A36: T2.38 | B36: Floor 5 | C36: 4.pano | D36: Panorama | E36: 42 | F36: 29 | G36: 32 | H36: 12 | I36: 19.723 | J36: The query shows a small glass-walled meeting room with an oval table directly adjacent to a large open office area and along an exterior window facade. On the floorplan, room 506 (MÖTESRUM) matches this: it is a meeting room on the outer windowed edge, next to the open office area 504 and separated by angled glass walls near the central core. The point is placed inside 506 near its glass boundary toward the open office. | K36: =B36&"|"&C36 -> Floor 5|4.pano | M36: Floor 3|6.2 | N36: =IFERROR(__xludf.DUMMYFUNCTION("MIN(FILTER($I$2:$I109,$K$2:$K109=M36))"),10.296) -> 10.296 | O36: =IFERROR(__xludf.DUMMYFUNCTION("MAX(FILTER($I$2:$I109,$K$2:$K109=M36))"),10.296) -> 10.296 | P36: =O36-N36 -> 0
A37: T2.39 | B37: Floor 5 | C37: 4.pano | D37: Panorama | E37: 42 | F37: 29 | G37: 32 | H37: 12 | I37: 19.723 | J37: The photo appears to be taken inside a small glass-walled meeting room with a curved/angled glass partition, directly adjacent to the open office area and perimeter windows. On the floorplan, room 506 (MÖTESRUM) best matches this enclosed meeting room at the top-center, next to the open office/atrium side, so the camera is placed inside that room near its inner side facing outward. | K37: =B37&"|"&C37 -> Floor 5|4.pano | M37: Floor 3|6_pano | N37: =IFERROR(__xludf.DUMMYFUNCTION("MIN(FILTER($I$2:$I109,$K$2:$K109=M37))"),9.487) -> 9.487 | O37: =IFERROR(__xludf.DUMMYFUNCTION("MAX(FILTER($I$2:$I109,$K$2:$K109=M37))"),10.296) -> 10.296 | P37: =O37-N37 -> 0.809
A38: T2.40 | B38: Floor 5 | C38: 5.1 | D38: Wide | E38: 46 | F38: 30 | G38: 30 | H38: 17 | I38: 20.616 | J38: The photo shows a very small enclosed technical/storage-like room with double doors ahead and another door to the side, matching the compact room 501 TEKNIKRUM next to the stair/hiss core. The camera appears to be inside that room facing the wall/doors near its upper-left side. | K38: =B38&"|"&C38 -> Floor 5|5.1 | U38: förklarar rätt plats men positioner helt fel
A39: T2.41 | B39: Floor 5 | C39: 5.1 | D39: Wide | E39: 46 | F39: 30 | G39: 30 | H39: 19 | I39: 19.416 | J39: The photo shows a very small vestibule/storage-like room with double doors ahead and a side door labeled “RWC,” which matches the tiny room 516 ELC next to room 515 RWC in the lower-right service core. The camera is likely standing inside 516 looking toward its double-door wall. | K39: =B39&"|"&C39 -> Floor 5|5.1 | U39: förklarar rätt plats men positioner helt fel
A40: T2.42 | B40: Floor 5 | C40: 5.1 | D40: Wide | E40: 46 | F40: 30 | G40: 29 | H40: 17 | I40: 21.401 | J40: The photo appears to be taken inside a very small vestibule/storage-like room with double doors ahead and a side door labeled 'RWC', which matches the compact restroom-related area around room 515 (RWC) and the adjacent small lobby/corridor near rooms 514–516. The camera is likely positioned just inside that small nook, facing inward toward the doors. | K40: =B40&"|"&C40 -> Floor 5|5.1
A41: T2.43 | B41: Floor 5 | C41: 5.2 | D41: Wide | E41: 46 | F41: 30 | G41: 47 | H41: 30 | I41: 1 | J41: The photo shows a small corridor with two doors labeled WC and a round column, which best matches the narrow toilet/stair area near rooms 512 WC and 513 TRAPPHUS on the right side of the plan. The camera is likely in the passage just west of the WC doors, looking inward along that short corridor. | K41: =B41&"|"&C41 -> Floor 5|5.2
A42: T2.44 | B42: Floor 5 | C42: 5.2 | D42: Wide | E42: 46 | F42: 30 | G42: 47 | H42: 30 | I42: 1 | J42: The photo shows a small corridor with two doors labeled WC and a nearby round column, which best matches the toilet/service area beside rooms 512 WC / 514 ST / 515 RWC near the right side of the plan. The camera is most likely standing in the short passage just west of 512 WC, looking into the curved hall with the column. | K42: =B42&"|"&C42 -> Floor 5|5.2
A43: T2.45 | B43: Floor 5 | C43: 5.2 | D43: Wide | E43: 46 | F43: 30 | G43: 47 | H43: 30 | I43: 1 | J43: The photo shows a small corridor with two doors labeled WC and a nearby round column, which best matches the toilet/service area beside rooms 512 WC / 514 ST / 515 RWC near the right side of the plan. The camera is most likely standing in the short passage just west of 512 WC, looking into the curved hall with the column. | K43: =B43&"|"&C43 -> Floor 5|5.2
A44: T2.46 | B44: Floor 5 | C44: 5.pano | D44: Panorama | E44: 46 | F44: 30 | G44: 44 | H44: 29 | I44: 2.236 | J44: The photo shows an interior corridor/passage with several office doors on one side, a visible bend/opening down the hall, and nearby furnishings/signage. This best matches the corridor area around room 510 PASSAGE next to offices 507–509 and the stair/service core, where multiple doors line the passage and the hall opens toward the larger office area. | K44: =B44&"|"&C44 -> Floor 5|5.pano
A45: T2.47 | B45: Floor 5 | C45: 5.pano | D45: Panorama | E45: 46 | F45: 30 | G45: 44 | H45: 30 | I45: 2 | J45: The photo shows an interior corridor with multiple office doors, a nearby column, and what looks like a small seating/waiting area by a wall. On the plan, the best match is the office/passage zone around rooms 510/516/517 next to the stair and WC core, where a narrow corridor with several doors opens into a small passage/lounge-like area. | K45: =B45&"|"&C45 -> Floor 5|5.pano
A46: T2.48 | B46: Floor 5 | C46: 5.pano | D46: Panorama | E46: 46 | F46: 30 | G46: 43 | H46: 28 | I46: 3.606 | J46: The photo shows an interior corridor/open office edge with several office doors on one side, a column in the passage, and what looks like seating near the camera. This best matches the open area around room 504 (KONTORSLANDSKAP) along the passage by rooms 507–510, near the corridor leading toward 516/517 where columns and door-lined walls are present. | K46: =B46&"|"&C46 -> Floor 5|5.pano
A47: T2.49 | B47: Floor 5 | C47: 6.1 | D47: Wide | E47: 48 | F47: 27 | G47: 43 | H47: 30 | I47: 5.831 | J47: The photo is taken inside a small restroom/vanity area with a sink and mirror, looking out through a door into the corridor. On the floorplan, the best match is the small WC/RWC cluster near rooms 514–516, specifically the restroom opening toward the passage by stair 513. The point is placed inside that restroom near the sink wall. | K47: =B47&"|"&C47 -> Floor 5|6.1
A48: T2.50 | B48: Floor 5 | C48: 6.1 | D48: Wide | E48: 48 | F48: 27 | G48: 43 | H48: 31 | I48: 6.403 | J48: The query shows a small washroom with a sink/mirror and a door opening to carpeted corridor space. On the floorplan, the best match is the WC/RWC cluster near rooms 514–516, especially the small restroom adjacent to corridor 510/515. The camera appears just inside that restroom near the sink wall, looking out toward the corridor. | K48: =B48&"|"&C48 -> Floor 5|6.1
A49: T2.51 | B49: Floor 5 | C49: 6.1 | D49: Wide | E49: 48 | F49: 27 | G49: 43 | H49: 30 | I49: 5.831 | J49: The photo is taken inside a small restroom/vanity area with a sink, mirror, and door opening into the corridor. On the floorplan, the best match is the small WC/RWC cluster near rooms 514–516; this point is placed inside the restroom area just by the doorway where a sink/mirror would face toward the hall. | K49: =B49&"|"&C49 -> Floor 5|6.1
A50: T2.52 | B50: Floor 5 | C50: 6.2 | D50: Wide | E50: 48 | F50: 27 | G50: 44 | H50: 31 | I50: 5.657 | J50: The query image appears to be inside a restroom: visible soap/towel dispenser and the curved top of a urinal/toilet against tiled painted walls. On the floorplan, the best restroom match is room 515 RWC near the lower-right cluster. The point is placed near an interior corner of that room where such fixtures would likely be mounted. | K50: =B50&"|"&C50 -> Floor 5|6.2
A51: T2.53 | B51: Floor 5 | C51: 6.2 | D51: Wide | E51: 48 | F51: 27 | G51: 45 | H51: 30 | I51: 4.243 | J51: The query photo appears to be inside a restroom: visible paper dispenser and restroom fixture, photographed from a tight interior corner. On the floorplan, the small restroom labeled 515 RWC best matches this kind of compact interior corner better than the larger WC 512. The estimated camera position is placed near a corner inside room 515. | K51: =B51&"|"&C51 -> Floor 5|6.2
A52: T2.54 | B52: Floor 5 | C52: 6.2 | D52: Wide | E52: 48 | F52: 27 | G52: 46 | H52: 30 | I52: 3.606 | J52: The query image appears to be inside a small restroom: visible soap/towel dispenser and the top of a urinal, photographed from a corner. On the floorplan, the best match is room 515 (RWC) next to the stairwell and WC core, rather than the larger office rooms. The point is placed near a corner position within that restroom where a camera could face the wall corner and fixtures. | K52: =B52&"|"&C52 -> Floor 5|6.2
A53: T2.55 | B53: Floor 5 | C53: 6_pano | D53: Panorama | E53: 48 | F53: 27 | G53: 42 | H53: 30 | I53: 6.708 | J53: The photo appears to be taken inside a small restroom/utility wash area: visible sink, soap dispenser, paper/towel bin, and a door opening to a curved corridor outside. On the floorplan, the best match is the small restroom cluster around room 515 (RWC) adjacent to 514 ST and the corridor 510 PASSAGE, which matches a compact washroom opening into the nearby passage. The point is placed inside room 515 near the sink-side wall. | K53: =B53&"|"&C53 -> Floor 5|6_pano
A54: T2.56 | B54: Floor 5 | C54: 6_pano | D54: Panorama | E54: 48 | F54: 27 | G54: 44 | H54: 30 | I54: 5 | J54: The photo appears to be taken inside a small restroom/wash area: visible sink, mirror, soap dispenser, tiled floor, and an inward view to a curved corridor outside. On the floorplan, the best match is the restroom cluster around room 515 (RWC), adjacent to 514 ST and the small passage/landing near 516 ELC and 513 TRAPPHUS. The camera is most likely just inside the RWC wash area facing outward toward the curved hall. | K54: =B54&"|"&C54 -> Floor 5|6_pano
A55: T2.57 | B55: Floor 5 | C55: 6_pano | D55: Panorama | E55: 48 | F55: 27 | G55: 42 | H55: 31 | I55: 7.211 | J55: The photo appears to be taken inside a small restroom/handwash area: visible sink, mirror, soap dispenser and a doorway opening to a curved corridor outside. On the floorplan, the best match is the RWC/WC cluster near rooms 515/516, where a small washroom opens into the passage by the stair core. The estimated camera position is inside that restroom near the sink, facing out toward the curved passage. | K55: =B55&"|"&C55 -> Floor 5|6_pano
A56: T2.58 | B56: Floor 3 | C56: 1.1 | D56: Wide | E56: 30 | F56: 10 | G56: 33 | H56: 41 | I56: 31.145 | J56: The photo shows a small perimeter office with strong sunlight from exterior windows on the left, a door opening into a larger workspace/pantry-like area, and a second internal door. On the plan, the row of small offices along the bottom edge matches this layout best; this point is placed inside one of those offices near its interior side, facing toward the corridor/open workspace. | K56: =B56&"|"&C56 -> Floor 3|1.1
A57: T2.59 | B57: Floor 3 | C57: 1.1 | D57: Wide | E57: 30 | F57: 10 | G57: 24 | H57: 40 | I57: 30.594 | J57: The photo shows a small perimeter office with strong sunlight from exterior windows on the left, a glass door opening to a brighter corridor/open office area, and a solid internal door on the adjacent wall. This best matches one of the cellular offices along the lower facade, with the camera placed inside an office near its outer window wall looking back toward the corridor; the chosen point is in the left-middle office of that bottom row. | K57: =B57&"|"&C57 -> Floor 3|1.1
A58: T2.60 | B58: Floor 3 | C58: 1.1 | D58: Wide | E58: 30 | F58: 10 | G58: 25 | H58: 40 | I58: 30.414 | J58: The photo appears to be taken inside a small perimeter office with strong daylight from exterior windows on the left, looking toward a door opening into a larger shared workspace/pantry-like area. On the floorplan, the row of small south-facing offices along the bottom edge matches this setup; this point is placed in one of those offices near its center, just inside the door side, consistent with the observed room proportions and sunlight. | K58: =B58&"|"&C58 -> Floor 3|1.1
A59: T2.61 | B59: Floor 3 | C59: 1.2 | D59: Wide | E59: 30 | F59: 10 | G59: 22 | H59: 37 | I59: 28.16 | J59: The photo shows a small perimeter office with large exterior windows on the left and a door opening into an interior corridor/pantry-like area. On the floorplan, the row of small offices along the south facade best matches this layout; this point is placed inside one of those offices near the exterior window wall and facing inward toward the door. | K59: =B59&"|"&C59 -> Floor 3|1.2
A60: T2.62 | B60: Floor 3 | C60: 1.2 | D60: Wide | E60: 30 | F60: 10 | G60: 36 | H60: 21 | I60: 12.53 | J60: The photo shows a small perimeter office with a full-height exterior window wall on the left, a narrow side window, and a door opening into the larger office area with visible kitchenette/cabinetry beyond. On the floorplan, the small room just west of the pantry/hiss/trapphus cluster along the exterior facade best matches this layout, placing the camera near the window side of that room looking inward toward the door. | K60: =B60&"|"&C60 -> Floor 3|1.2
A61: T2.63 | B61: Floor 3 | C61: 1.2 | D61: Wide | E61: 30 | F61: 10 | G61: 40 | H61: 21 | I61: 14.866 | J61: The photo shows a bright perimeter office with large exterior windows along one side and a door opening into a corridor/pantry-like interior space. On the floorplan, the small room labeled 303 PENTRY on the north/east facade matches this layout best: it has exterior windows and connects directly to the hall/core area. The point is placed inside that room near the window side. | K61: =B61&"|"&C61 -> Floor 3|1.2
A62: T2.64 | B62: Floor 3 | C62: 1.pano | D62: Panorama | E62: 30 | F62: 10 | G62: 24 | H62: 41 | I62: 31.575 | J62: The query shows a small perimeter office with two exterior windows on adjacent walls, bright daylight, and a single door opening into a larger workspace/pantry area. On the plan, the small offices along the bottom edge have this layout; the room just left of the central elevator core best matches a corner office with one window on the south facade and another on the angled west facade, with the door opening inward to the corridor/open office side. | K62: =B62&"|"&C62 -> Floor 3|1.pano
A63: T2.65 | B63: Floor 3 | C63: 1.pano | D63: Panorama | E63: 30 | F63: 10 | G63: 33 | H63: 39 | I63: 29.155 | J63: The photo shows a small perimeter office with two exterior windows meeting at a corner and a door opening into an interior corridor/room. On the floorplan, the best match is one of the small offices along the south facade near the southeast side, where rooms have exterior windows on the bottom edge and internal doors to the corridor. I placed the dot inside that office near the window corner. | K63: =B63&"|"&C63 -> Floor 3|1.pano
A64: T2.66 | B64: Floor 3 | C64: 1.pano | D64: Panorama | E64: 30 | F64: 10 | G64: 24 | H64: 35 | I64: 25.71 | J64: The photo shows a small perimeter office with two exterior windows on adjacent walls and an internal door opening toward a larger room/pantry area. On the floorplan, the small room just left of the central vertical corridor and above the long row of offices best matches this layout and window exposure, so the camera is placed near the window-side corner of that room. | K64: =B64&"|"&C64 -> Floor 3|1.pano
A65: T2.67 | B65: Floor 3 | C65: 2.1 | D65: Wide | E65: 40 | F65: 18 | G65: 40 | H65: 21 | I65: 3 | J65: The photo shows a large open office room with a long run of exterior windows on the left, plus several interior doors and a corridor/core connection ahead-right. This best matches room 302 (KONTORSLANDSKAP), likely from the left side of the open space looking toward the internal doors near the passage/stair core. | K65: =B65&"|"&C65 -> Floor 3|2.1
A66: T2.68 | B66: Floor 3 | C66: 2.1 | D66: Wide | E66: 40 | F66: 18 | G66: 38 | H66: 21 | I66: 3.606 | J66: The photo shows a large open office room with a long exterior window wall on the left and a small cluster of interior doors/openings on the far wall, matching the big open space labeled 302 KONTORSLANDSKAP. The camera appears to be positioned inside that room, somewhat toward its lower-left/central area, looking toward the interior partition and doors near the passage. | K66: =B66&"|"&C66 -> Floor 3|2.1
A67: T2.69 | B67: Floor 3 | C67: 2.1 | D67: Wide | E67: 40 | F67: 18 | G67: 38 | H67: 21 | I67: 3.162 | J67: The photo shows a large open office room with a long exterior window wall on the left, and on the opposite side a small recessed corridor plus two doors, which best matches room 302 (Kontorslandskap). The camera appears to be inside that open space, positioned a bit left of center and looking toward the interior wall by the passage/stair core. | K67: =B67&"|"&C67 -> Floor 3|2.1
A68: T2.70 | B68: Floor 3 | C68: 2.2 | D68: Wide | E68: 40 | F68: 18 | G68: 39 | H68: 23 | I68: 5.099 | J68: The photo shows a large open carpeted office with round structural columns, exterior windows on the left, and a nearby glass exit door plus small enclosed rooms to the right. This best matches the open area 302 (KONTORSLANDSKAP) near the diagonal wall and adjacent passage/service rooms around 306–312, with the camera positioned slightly inside the open space facing toward those doors. | K68: =B68&"|"&C68 -> Floor 3|2.2
A69: T2.71 | B69: Floor 3 | C69: 2.2 | D69: Wide | E69: 40 | F69: 18 | G69: 39 | H69: 22 | I69: 4.123 | J69: The photo shows a large open office area with carpet, exterior windows on the left, two round columns, and a glazed exit door near an internal wall. This best matches the open room 302 (Kontorslandskap), near its left/west side where columns are marked, looking toward the small rooms and passage on the right. | K69: =B69&"|"&C69 -> Floor 3|2.2
A70: T2.72 | B70: Floor 3 | C70: 2.2 | D70: Wide | E70: 40 | F70: 18 | G70: 39 | H70: 22 | I70: 4.123 | J70: The photo shows a large open office area with multiple round columns, exterior windows on the left, and a glazed door/fire extinguisher against an interior wall. This best matches the open room 302 (KONTORSLANDSKAP), near its left-central side by the two circular columns, looking toward the small enclosed rooms and passage on the right. | K70: =B70&"|"&C70 -> Floor 3|2.2
A71: T2.73 | B71: Floor 3 | C71: 2_pano | D71: Panorama | E71: 40 | F71: 18 | G71: 36 | H71: 23 | I71: 6.403 | J71: The query shows a large open office with many perimeter windows, a small pantry/island, and several round columns. On the floorplan, the best match is the big open room 302 (KONTORSLANDSKAP), especially near its central column area and adjacent pantry 303, with the camera positioned slightly left of center facing the windowed outer wall. | K71: =B71&"|"&C71 -> Floor 3|2_pano
A72: T2.74 | B72: Floor 3 | C72: 2_pano | D72: Panorama | E72: 40 | F72: 18 | G72: 39 | H72: 22 | I72: 4.123 | J72: The photo shows a large open office with many exterior windows along a long angled facade, a kitchenette/pantry area, several round columns, and a dark door/core connection. This best matches the big open room 302 KONTORSLANDSKAP next to 303 PENTRY, with the camera likely placed near the central columns looking toward the windowed exterior wall and pantry/core side. | K72: =B72&"|"&C72 -> Floor 3|2_pano
A73: T2.75 | B73: Floor 3 | C73: 2_pano | D73: Panorama | E73: 40 | F73: 18 | G73: 39 | H73: 22 | I73: 4.123 | J73: The query shows a large open office with many perimeter windows, a kitchenette/pantry area, and a prominent interior column. This best matches the big open room labeled 302 KONTORSLANDSKAP next to 303 PENTRY; the camera is likely positioned a bit left of center within that open space, looking toward the windowed exterior wall and pantry. | K73: =B73&"|"&C73 -> Floor 3|2_pano
A74: T2.76 | B74: Floor 3 | C74: 3.1 | D74: Wide | E74: 31 | F74: 23 | G74: 36 | H74: 25 | I74: 5.385 | J74: The query shows a covered exterior balcony/walkway with windows on one side and an open edge/parapet on the other. On the floorplan, the diagonal area labeled ‘BALKONG’ next to room 302 best matches this geometry. The camera is most likely positioned along this balcony near its upper-central section, looking down the length toward the southeast. | K74: =B74&"|"&C74 -> Floor 3|3.1
A75: T2.77 | B75: Floor 3 | C75: 3.1 | D75: Wide | E75: 31 | F75: 23 | G75: 34 | H75: 25 | I75: 3.606 | J75: The photo appears to be taken on the balcony/walkway labeled ‘BALKONG’ outside the large room 302, looking along the windowed facade toward the southeast end. The camera is most likely positioned on that slanted exterior corridor near its middle-right section. | K75: =B75&"|"&C75 -> Floor 3|3.1
A76: T2.78 | B76: Floor 3 | C76: 3.1 | D76: Wide | E76: 31 | F76: 23 | G76: 33 | H76: 25 | I76: 2.828 | J76: The photo appears to be taken on the balcony/walkway labeled ‘BALKONG’ outside the large office area 302, facing along the windowed facade toward the southeast corner. The narrow exterior passage with windows and a door matches this diagonal balcony segment, so the camera is best placed roughly midway along that balcony line. | K76: =B76&"|"&C76 -> Floor 3|3.1
A77: T2.79 | B77: Floor 3 | C77: 3.2 | D77: Wide | E77: 31 | F77: 23 | G77: 36 | H77: 25 | I77: 5.385 | J77: The photo appears to be taken from the balcony/walkway outside a glazed door looking into the large open office area. On the plan, the diagonal area labeled ‘BALKONG’ along the edge of room 302 matches this exterior corridor, so the camera is best placed on that balcony near the door into 302. | K77: =B77&"|"&C77 -> Floor 3|3.2
A78: T2.80 | B78: Floor 3 | C78: 3.2 | D78: Wide | E78: 31 | F78: 23 | G78: 36 | H78: 26 | I78: 5.831 | J78: The photo appears to be taken on the small exterior balcony/corridor next to a glazed door leading into the open office area. On the plan, the narrow triangular BALKONG space connects directly to room 302 KONTORSLANDSKAP via a door, matching the railing and exterior facade view. The estimated camera position is on that balcony, close to the door into 302. | K78: =B78&"|"&C78 -> Floor 3|3.2
A79: T2.81 | B79: Floor 3 | C79: 3.2 | D79: Wide | E79: 31 | F79: 23 | G79: 37 | H79: 22 | I79: 6.083 | J79: The photo appears to be taken on the balcony/walkway outside the office area, next to a glazed railing and an exterior door into the large open room. On the floorplan, the best match is along the diagonal BALKONG corridor at the door connecting into room 302 KONTORSLANDSKAP, near its upper-middle section. | K79: =B79&"|"&C79 -> Floor 3|3.2
A80: T2.82 | B80: Floor 3 | C80: 3_pano | D80: Panorama | E80: 31 | F80: 23 | G80: 37 | H80: 26 | I80: 6.708 | J80: The query shows an exterior balcony/walkway alongside a long glazed facade with a door into the building, matching the angled area labeled BALKONG next to room 302. The camera appears to be on that balcony near the door opening from the large office area, roughly at the inner end of the balcony corridor. | K80: =B80&"|"&C80 -> Floor 3|3_pano
A81: T2.83 | B81: Floor 3 | C81: 3_pano | D81: Panorama | E81: 31 | F81: 23 | G81: 37 | H81: 28 | I81: 7.81 | J81: The query shows an exterior balcony/walkway along the inner courtyard with a railing, adjacent windows, and a door into the building. On the floorplan, the clearly labeled diagonal BALKONG connects near room 312/306 and matches this narrow exterior passage. The camera is most likely positioned on that balcony roughly mid-span, facing along it toward the right. | K81: =B81&"|"&C81 -> Floor 3|3_pano
A82: T2.84 | B82: Floor 3 | C82: 3_pano | D82: Panorama | E82: 31 | F82: 23 | G82: 39 | H82: 26 | I82: 8.544 | J82: The query shows an exterior balcony/walkway with railing, a door into the building, and windows along the facade. On the floorplan, the long diagonal space labeled ‘BALKONG’ matches this exterior corridor. The camera appears to be on that balcony near the door connection to the interior by room 302/306, so the best estimate is along the balcony just southeast of the stair/core connection. | K82: =B82&"|"&C82 -> Floor 3|3_pano | U82: läser elc som elevator
A83: T2.85 | B83: Floor 3 | C83: 4.1 | D83: Wide | E83: 30 | F83: 17 | G83: 43 | H83: 30 | I83: 18.385 | J83: The photo shows a small elevator lobby with a single lift and a glazed door opening into a brighter room. On the plan, the clearest matching spot is the elevator area labeled 311 ELC beside room 312 MÖTESRUM and the passage 306/307 cluster. The camera is most likely standing just outside the elevator, in the small lobby immediately west/northwest of the elevator shaft, facing toward the glazed door into the adjacent space. | K83: =B83&"|"&C83 -> Floor 3|4.1 | U83: läser elc som elevator
A84: T2.86 | B84: Floor 3 | C84: 4.1 | D84: Wide | E84: 30 | F84: 17 | G84: 43 | H84: 29 | I84: 17.692 | J84: The photo shows a small elevator lobby with a single lift and a glass door opening into a brighter room. On the floorplan, the clearest matching spot is the elevator labeled 311 ELC next to room 312 MÖTESRUM and the passage 306/307 cluster on the right side. The camera is most likely standing just west of the elevator, facing toward the glass door into 312. | K84: =B84&"|"&C84 -> Floor 3|4.1 | U84: läser elc som elevator
A85: T2.87 | B85: Floor 3 | C85: 4.1 | D85: Wide | E85: 30 | F85: 17 | G85: 43 | H85: 29 | I85: 17.692 | J85: The photo shows a small elevator lobby with a single elevator and a glass door immediately beside it opening toward a brighter room. On the floorplan, the clearest match is the elevator labeled 311 ELC next to room 312 MÖTESRUM and the adjacent passage/small lobby area near rooms 309–310. The camera appears to be standing in that small lobby facing the elevator and glass door. | K85: =B85&"|"&C85 -> Floor 3|4.1
A86: T2.88 | B86: Floor 3 | C86: 4.2 | D86: Wide | E86: 30 | F86: 17 | G86: 31 | H86: 20 | I86: 3.162 | J86: The query shows an interior stairwell with a landing, curved handrails, and a tall exterior window. On the floorplan, the best match is the main stair core labeled 300 TRAPPHUS near the center-right; the camera appears to be on the stair flight/landing just inside that stairwell. | K86: =B86&"|"&C86 -> Floor 3|4.2
A87: T2.89 | B87: Floor 3 | C87: 4.2 | D87: Wide | E87: 30 | F87: 17 | G87: 32 | H87: 20 | I87: 3.606 | J87: The query image shows an enclosed stairwell with a turning stair, window, and handrails on both sides. On the floorplan, the clearest matching feature is the main stair core labeled 300 TRAPPHUS near the center-right; the point is placed on the stair run/landing where a camera would plausibly stand while looking upward. | K87: =B87&"|"&C87 -> Floor 3|4.2
A88: T2.90 | B88: Floor 3 | C88: 4.2 | D88: Wide | E88: 30 | F88: 17 | G88: 32 | H88: 20 | I88: 3.606 | J88: The photo shows an enclosed stairwell with a half-landing, window, and curved handrails. On the floorplan, the most matching location is the main stair core labeled 300 TRAPPHUS near the center-right, specifically on the stair run/landing area where the camera would be standing and looking upward. | K88: =B88&"|"&C88 -> Floor 3|4.2 | U88: läser elc som elevator
A89: T2.91 | B89: Floor 3 | C89: 4.pano | D89: Panorama | E89: 30 | F89: 17 | G89: 41 | H89: 29 | I89: 16.279 | J89: The query shows a small stair/elevator lobby: elevator immediately beside the stairs, with a door opening toward a corridor/open room. On the floorplan, the clearest match is the elevator core labeled 311 ELC next to the stair/lobby area by 312 MÖTESRUM and the adjacent staircase. The camera is most likely positioned in that small lobby just west of the elevator and staircase. | K89: =B89&"|"&C89 -> Floor 3|4.pano | U89: läser elc som elevator
A90: T2.92 | B90: Floor 3 | C90: 4.pano | D90: Panorama | E90: 30 | F90: 17 | G90: 41 | H90: 29 | I90: 16.279 | J90: The query shows a stair landing with an elevator directly beside it and a nearby door to a corridor/open area. On the floorplan, the clearest match is the elevator/stair core labeled around 311 ELC next to the stairs and meeting room 312 in the right-center/lower-right area. The point is placed on the small landing space between the elevator and stairs where the camera most likely stood. | K90: =B90&"|"&C90 -> Floor 3|4.pano | U90: läser elc som elevator
A91: T2.93 | B91: Floor 3 | C91: 4.pano | D91: Panorama | E91: 30 | F91: 17 | G91: 43 | H91: 30 | I91: 18.385 | J91: The query shows a stair landing immediately beside an elevator, which matches the small elevator-and-stair core near rooms 309–312 on the right side of the plan. The camera appears to be standing on the landing just west of the elevator, looking toward a door and the stairs. | K91: =B91&"|"&C91 -> Floor 3|4.pano
A92: T2.94 | B92: Floor 3 | C92: 5.1 | D92: Wide | E92: 40 | F92: 31 | G92: 23 | H92: 38 | I92: 18.385 | J92: The photo shows a small enclosed office/exam-type room with one door to a corridor, dark carpet, a floor box, and wall-mounted utility/medical ducting. On the plan, the row of small similarly sized rooms along the lower middle-right corridor best matches this layout. I placed the camera inside one of these small rooms, slightly back from the corridor-side door and facing into the room corner. | K92: =B92&"|"&C92 -> Floor 3|5.1
A93: T2.95 | B93: Floor 3 | C93: 5.1 | D93: Wide | E93: 40 | F93: 31 | G93: 24 | H93: 39 | I93: 17.889 | J93: The query shows a small enclosed office/clinic-style room with carpet, a floor box, many wall outlets, a door to a corridor, and a medical ventilation stand. This best matches one of the small repeated rooms along the lower corridor; I chose a room in the lower central row near the corridor, with the camera positioned inside near the room center facing toward the door and wall. | K93: =B93&"|"&C93 -> Floor 3|5.1
A94: T2.96 | B94: Floor 3 | C94: 5.1 | D94: Wide | E94: 40 | F94: 31 | G94: 32 | H94: 39 | I94: 11.314 | J94: The query shows a small enclosed office/clinic-type room with carpet, a single inward-swing door to an internal corridor, exterior window visible through that door, and wall-mounted medical/utility ducting. On the plan, the row of small rooms along the lower-right corridor best matches this kind of room; this point is placed inside one of those small rooms near the corridor side. | K94: =B94&"|"&C94 -> Floor 3|5.1
A95: T2.97 | B95: Floor 3 | C95: 5.2 | D95: Wide | E95: 40 | F95: 31 | G95: 39 | H95: 23 | I95: 8.062 | J95: The photo appears to be taken from a small side corridor or alcove with an exterior window on the left looking into an inner courtyard/balcony, and glass doors opening into a large open office. On the plan, the narrow passage/balcony connection beside room 302 KONTORSLANDSKAP best matches this layout, near the diagonal ‘BALKONG’ edge and just west of the small rooms by 306/312. | K95: =B95&"|"&C95 -> Floor 3|5.2 | U95: mkt närmare än tidigare test på samma parameters
A96: T2.98 | B96: Floor 3 | C96: 5.2 | D96: Wide | E96: 40 | F96: 31 | G96: 40 | H96: 29 | I96: 2 | J96: The photo appears to be taken from a small corridor or passage beside the large open office (302 KONTORSLANDSKAP), with a window to an internal courtyard/balcony on the left and glazed doors looking into the open office on the right. This matches the narrow passage area around room 306 near the diagonal balcony edge and the entrance into the open office. | K96: =B96&"|"&C96 -> Floor 3|5.2
A97: T2.99 | B97: Floor 3 | C97: 5.2 | D97: Wide | E97: 40 | F97: 31 | G97: 40 | H97: 29 | I97: 2 | J97: The photo appears to be taken in the narrow corridor along the inner courtyard facade, beside exterior windows and looking through glazed doors into the large open office space. This matches the passage/windowed corridor just west of rooms 306/307 and adjacent to the large room 302. | K97: =B97&"|"&C97 -> Floor 3|5.2
A98: T2.100 | B98: Floor 3 | C98: 5.pano | D98: Panorama | E98: 40 | F98: 31 | G98: 39 | H98: 15 | I98: 16.031 | J98: The photo appears to be taken from a small perimeter room with an exterior window on the left and glass partitions/door looking into a large open office. On the plan, room 303 (Pantry) sits between the facade and the large open area 302, matching this layout best. | K98: =B98&"|"&C98 -> Floor 3|5.pano
A99: T2.101 | B99: Floor 3 | C99: 5.pano | D99: Panorama | E99: 40 | F99: 31 | G99: 47 | H99: 30 | I99: 7.071 | J99: The photo appears to be taken inside a small room with an exterior window on the left and glass doors/openings looking into a larger open office area. On the floorplan, room 307 near the east side matches this setup: it is a small room on the facade with windows and opens toward the large open workspace 302 via the passage area. The point is placed inside that small room near its interior side. | K99: =B99&"|"&C99 -> Floor 3|5.pano
A100: T2.102 | B100: Floor 3 | C100: 5.pano | D100: Panorama | E100: 40 | F100: 31 | G100: 38 | H100: 30 | I100: 2.236 | J100: The photo appears to be taken inside a small room along the southeast corridor, with a window to the exterior on the left and glazed doors/openings looking into a larger office area. This best matches room 312 near the balcony/office interface, positioned close to its west/exterior window wall and facing inward toward the adjacent larger space. | K100: =B100&"|"&C100 -> Floor 3|5.pano
...

Sheet Semantic prompt
A1: Id | B1: Floor | C1: Image id | D1: Image Type | E1: True x | F1: True y | G1: Predicted x | H1: Predicted y | I1: Euclidean error | J1: Reasoning | K1: Floor & Image id | M1: Unique floor & image | N1: Max EE | O1: Min EE | P1: Diff between max and min | Q1: Column 5 | R1: No of changed groups | S1: Percentage of changed groups | T1: Notes
A2: T3.1 | B2: Floor 5 | C2: 1.1 | D2: Wide | E2: 39 | F2: 15 | G2: 37 | H2: 18 | I2: 3.606 | J2: The photo clearly matches room 505 (PENTRY): visible kitchenette with fridge, microwaves, sink, and coffee area. The sloped ceiling and door opening into the adjacent office area fit the pantry’s position next to the larger open office. The camera is likely standing inside the pantry near its open side toward the office, facing the kitchenette wall and doorway. | K2: =B2&"|"&C2 -> Floor 5|1.1 | M2: {=UNIQUE(K2:K109)} -> Floor 5|1.1 | N2: =IFERROR(__xludf.DUMMYFUNCTION("MIN(FILTER($I$2:$I109,$K$2:$K109=M2))"),2.828) -> 2.828 | O2: =IFERROR(__xludf.DUMMYFUNCTION("MAX(FILTER($I$2:$I109,$K$2:$K109=M2))"),3.606) -> 3.606 | P2: =O2-N2 -> 0.778 | R2: =COUNTIF(P2:P109,">0") -> 33 | S2: =COUNTIF(P2:P109,">0")/COUNTA(M2:M109) -> 0.91666667
A3: T3.2 | B3: Floor 5 | C3: 1.1 | D3: Wide | E3: 39 | F3: 15 | G3: 37 | H3: 18 | I3: 3.606 | J3: The photo is most consistent with room 505 (PENTRY): it shows a kitchenette with fridge, microwaves, sink and coffee area, and a doorway opening into the adjacent open office area. The sloped ceiling/wall matches the outer roof edge of the pantry. The camera appears to be standing inside the pantry near its open side toward the office, aimed toward the kitchenette wall and doorway, so the best estimate is near the center-lower part of room 505. | K3: =B3&"|"&C3 -> Floor 5|1.1 | M3: Floor 5|1.2 | N3: =IFERROR(__xludf.DUMMYFUNCTION("MIN(FILTER($I$2:$I109,$K$2:$K109=M3))"),3.606) -> 3.606 | O3: =IFERROR(__xludf.DUMMYFUNCTION("MAX(FILTER($I$2:$I109,$K$2:$K109=M3))"),4.243) -> 4.243 | P3: =O3-N3 -> 0.637 | R3: =COUNTIF(P2:P109,">1") -> 20 | S3: =COUNTIF(P2:P109,">1")/COUNTA(M2:M109) -> 0.55555556 | T3: =AVERAGEIF(D:D,"Panorama",I:I) -> 10.080111
A4: T3.3 | B4: Floor 5 | C4: 1.1 | D4: Wide | E4: 39 | F4: 15 | G4: 37 | H4: 17 | I4: 2.828 | J4: The photo most closely matches room 505 (PANTRY): it contains a kitchenette with fridge, microwaves, sink, and coffee area, and the sloped ceiling/wall fits the roof-edge geometry of that room. The open doorway appears to look out toward the adjacent office area, so the camera is likely positioned inside the pantry near its outer/right side, facing the kitchenette wall and door. | K4: =B4&"|"&C4 -> Floor 5|1.1 | M4: Floor 5|1_pano | N4: =IFERROR(__xludf.DUMMYFUNCTION("MIN(FILTER($I$2:$I109,$K$2:$K109=M4))"),2.236) -> 2.236 | O4: =IFERROR(__xludf.DUMMYFUNCTION("MAX(FILTER($I$2:$I109,$K$2:$K109=M4))"),4.243) -> 4.243 | P4: =O4-N4 -> 2.007 | R4: =COUNTIF(P2:P109,">3") -> 4 | S4: =COUNTIF(P2:P109,">3")/COUNTA(M2:M109) -> 0.11111111 | T4: =AVERAGEIF(D:D,"Wide",I:I) -> 9.3171111
A5: T3.4 | B5: Floor 5 | C5: 1.2 | D5: Wide | E5: 39 | F5: 15 | G5: 36 | H5: 18 | I5: 4.243 | J5: The photo matches the pantry/open-office transition at room 505 opening into the large office landscape 504. Visible cues are the kitchenette/fridge on the right, tiled pantry flooring, the open desk area with façade windows to the left, and a narrow partition between them. The camera is most likely standing in the tiled pantry edge just inside 505, looking left toward 504 and slightly toward the façade. | K5: =B5&"|"&C5 -> Floor 5|1.2 | M5: Floor 5|2.1 | N5: =IFERROR(__xludf.DUMMYFUNCTION("MIN(FILTER($I$2:$I109,$K$2:$K109=M5))"),1.0) -> 1 | O5: =IFERROR(__xludf.DUMMYFUNCTION("MAX(FILTER($I$2:$I109,$K$2:$K109=M5))"),3.0) -> 3 | P5: =O5-N5 -> 2 | R5: =COUNTIF(P2:P109,">5") -> 2 | S5: =COUNTIF(P2:P109,">5")/COUNTA(M2:M109) -> 0.055555556 | T5: =AVERAGE(I:I) -> 9.5714444
A6: T3.5 | B6: Floor 5 | C6: 1.2 | D6: Wide | E6: 39 | F6: 15 | G6: 37 | H6: 18 | I6: 3.606 | J6: The photo matches the pantry/open office edge around room 505 opening into 504 Kontorslandskap: visible kitchenette/fridge on the right, open office with windows on the left, and a small tiled passage between them. The camera is most likely standing in the tiled pantry threshold just east of the open office opening, facing toward the windows and exit niche. | K6: =B6&"|"&C6 -> Floor 5|1.2 | M6: Floor 5|2.2 | N6: =IFERROR(__xludf.DUMMYFUNCTION("MIN(FILTER($I$2:$I109,$K$2:$K109=M6))"),0.0) -> 0 | O6: =IFERROR(__xludf.DUMMYFUNCTION("MAX(FILTER($I$2:$I109,$K$2:$K109=M6))"),1.0) -> 1 | P6: =O6-N6 -> 1 | R6: =COUNTIF(P3:P109,">10") -> 0 | S6: =COUNTIF(P3:P109,">10")/COUNTA(M3:M109) -> 0 | T6: =AVERAGEIF(B:B, "Floor 5", I:I) -> 6.652963
A7: T3.6 | B7: Floor 5 | C7: 1.2 | D7: Wide | E7: 39 | F7: 15 | G7: 36 | H7: 17 | I7: 3.606 | J7: The photo matches the pantry/open office junction around room 505/504: tiled kitchenette floor on the right, open office with desks and facade windows on the left, and a small enclosed booth/door straight ahead. The camera is most likely standing in the pantry area just inside the transition to the open office, facing toward the windows and booth. | K7: =B7&"|"&C7 -> Floor 5|1.2 | M7: Floor 5|2.pano | N7: =IFERROR(__xludf.DUMMYFUNCTION("MIN(FILTER($I$2:$I109,$K$2:$K109=M7))"),1.0) -> 1 | O7: =IFERROR(__xludf.DUMMYFUNCTION("MAX(FILTER($I$2:$I109,$K$2:$K109=M7))"),1.414) -> 1.414 | P7: =O7-N7 -> 0.414 | T7: =AVERAGEIF(B:B, "Floor 3", I:I) -> 12.489926
A8: T3.7 | B8: Floor 5 | C8: 1_pano | D8: Panorama | E8: 39 | F8: 15 | G8: 39 | H8: 15 | I8: 2.236 | J8: The photo matches room 505 PENTRY: it shows a kitchenette, dining table, and a sloped exterior wall with a row of low windows, which fits the pantry on the angled top edge of the plan. The camera appears to be inside the pantry near its inner side, looking across the kitchenette toward the windows and back toward the open office entrance, so the best position is near the lower-left/inner portion of room 505. | K8: =B8&"|"&C8 -> Floor 5|1_pano | M8: Floor 5|3.1 | N8: =IFERROR(__xludf.DUMMYFUNCTION("MIN(FILTER($I$2:$I109,$K$2:$K109=M8))"),7.071) -> 7.071 | O8: =IFERROR(__xludf.DUMMYFUNCTION("MAX(FILTER($I$2:$I109,$K$2:$K109=M8))"),7.81) -> 7.81 | P8: =O8-N8 -> 0.739
A9: T3.8 | B9: Floor 5 | C9: 1_pano | D9: Panorama | E9: 39 | F9: 15 | G9: 37 | H9: 18 | I9: 3.606 | J9: The photo best matches room 505 (PANTRY): it clearly shows a kitchenette and a sloped ceiling with a row of low windows, which aligns with the pantry along the outer roof edge. The open office area is visible to the left through the opening, so the camera is placed inside the pantry near its inner side, looking outward toward the windows and back toward the office connection. | K9: =B9&"|"&C9 -> Floor 5|1_pano | M9: Floor 5|3.2 | N9: =IFERROR(__xludf.DUMMYFUNCTION("MIN(FILTER($I$2:$I109,$K$2:$K109=M9))"),12.207) -> 12.207 | O9: =IFERROR(__xludf.DUMMYFUNCTION("MAX(FILTER($I$2:$I109,$K$2:$K109=M9))"),12.207) -> 12.207 | P9: =O9-N9 -> 0
A10: T3.9 | B10: Floor 5 | C10: 1_pano | D10: Panorama | E10: 39 | F10: 15 | G10: 36 | H10: 18 | I10: 4.243 | J10: The photo matches the pantry/meeting area at the top-center of the plan: a kitchenette next to a sloped-roof room with a row of low windows, opening left into the larger office landscape. The camera appears to be inside room 505 (PANTRY), near its lower-right side, facing the kitchenette and the adjacent meeting/open-office area. | K10: =B10&"|"&C10 -> Floor 5|1_pano | M10: Floor 5|3_pano | N10: =IFERROR(__xludf.DUMMYFUNCTION("MIN(FILTER($I$2:$I109,$K$2:$K109=M10))"),12.207) -> 12.207 | O10: =IFERROR(__xludf.DUMMYFUNCTION("MAX(FILTER($I$2:$I109,$K$2:$K109=M10))"),12.806) -> 12.806 | P10: =O10-N10 -> 0.599
A11: T3.10 | B11: Floor 5 | C11: 2.1 | D11: Wide | E11: 44 | F11: 16 | G11: 44 | H11: 17 | I11: 1 | J11: The photo shows a very small attic-style office with a strongly sloped ceiling and two exterior windows meeting at a corner, which best matches room 507 at the angled outer facade. The camera appears to be standing just inside the room near the doorway/inner side, looking outward toward the corner windows, so the position is placed slightly inside room 507 away from the facade. | K11: =B11&"|"&C11 -> Floor 5|2.1 | M11: Floor 5|4.1 | N11: =IFERROR(__xludf.DUMMYFUNCTION("MIN(FILTER($I$2:$I109,$K$2:$K109=M11))"),9.899) -> 9.899 | O11: =IFERROR(__xludf.DUMMYFUNCTION("MAX(FILTER($I$2:$I109,$K$2:$K109=M11))"),10.63) -> 10.63 | P11: =O11-N11 -> 0.731
A12: T3.11 | B12: Floor 5 | C12: 2.1 | D12: Wide | E12: 44 | F12: 16 | G12: 44 | H12: 19 | I12: 3 | J12: The photo shows a very small wedge-shaped office under a sloped roof with two exterior windows meeting at an angled corner. On the plan, room 507 is the best match: it is a compact corner office at the roof edge with two windowed exterior walls and an irregular triangular shape. The camera appears to be standing just inside the entrance side of that room, looking toward the window corner, so the position is placed near the inner/left side of room 507 rather than at the window wall. | K12: =B12&"|"&C12 -> Floor 5|2.1 | M12: Floor 5|4.2 | N12: =IFERROR(__xludf.DUMMYFUNCTION("MIN(FILTER($I$2:$I109,$K$2:$K109=M12))"),19.723) -> 19.723 | O12: =IFERROR(__xludf.DUMMYFUNCTION("MAX(FILTER($I$2:$I109,$K$2:$K109=M12))"),19.723) -> 19.723 | P12: =O12-N12 -> 0
A13: T3.12 | B13: Floor 5 | C13: 2.1 | D13: Wide | E13: 44 | F13: 16 | G13: 45 | H13: 16 | I13: 1 | J13: The photo shows a very small perimeter office under a sloped roof with two windows on adjacent exterior walls, matching the corner attic-like office 507. The camera appears to be standing just inside the room near the door/open side, looking toward the two exterior windows at the corner, so the best estimate is near the inner side of room 507. | K13: =B13&"|"&C13 -> Floor 5|2.1 | M13: Floor 5|4.pano | N13: =IFERROR(__xludf.DUMMYFUNCTION("MIN(FILTER($I$2:$I109,$K$2:$K109=M13))"),19.723) -> 19.723 | O13: =IFERROR(__xludf.DUMMYFUNCTION("MAX(FILTER($I$2:$I109,$K$2:$K109=M13))"),19.723) -> 19.723 | P13: =O13-N13 -> 0
A14: T3.13 | B14: Floor 5 | C14: 2.2 | D14: Wide | E14: 44 | F14: 16 | G14: 44 | H14: 16 | I14: 0 | J14: The photo appears to be taken inside a small office looking out through a single door into the larger open office area (504 Kontorslandskap). The visible structural column just outside the door and the small enclosed room geometry best match office 507 along the angled exterior wall. The camera is positioned inside that room near the back-left side, facing the doorway toward the open area. | K14: =B14&"|"&C14 -> Floor 5|2.2 | M14: Floor 5|5.1 | N14: =IFERROR(__xludf.DUMMYFUNCTION("MIN(FILTER($I$2:$I109,$K$2:$K109=M14))"),1.0) -> 1 | O14: =IFERROR(__xludf.DUMMYFUNCTION("MAX(FILTER($I$2:$I109,$K$2:$K109=M14))"),2.828) -> 2.828 | P14: =O14-N14 -> 1.828
A15: T3.14 | B15: Floor 5 | C15: 2.2 | D15: Wide | E15: 44 | F15: 16 | G15: 43 | H15: 16 | I15: 1 | J15: The photo appears to be taken inside a small office room looking out through a single door into the larger open office area (504), where a distinctive round structural column is visible. On the plan, room 507 is the best match: it is a small room directly connected to the open office and positioned so a column in 504 would be visible through its door. The camera is likely near the back-right side of room 507, aimed toward the doorway. | K15: =B15&"|"&C15 -> Floor 5|2.2 | M15: Floor 5|5.2 | N15: =IFERROR(__xludf.DUMMYFUNCTION("MIN(FILTER($I$2:$I109,$K$2:$K109=M15))"),2.0) -> 2 | O15: =IFERROR(__xludf.DUMMYFUNCTION("MAX(FILTER($I$2:$I109,$K$2:$K109=M15))"),2.236) -> 2.236 | P15: =O15-N15 -> 0.236
A16: T3.15 | B16: Floor 5 | C16: 2.2 | D16: Wide | E16: 44 | F16: 16 | G16: 44 | H16: 16 | I16: 0 | J16: The photo appears to be taken inside a small office room looking out through its single door into the open office area (504), where a round column is visible just outside. The most likely match is office 507 on the upper-right side: it is a compact room with one door opening directly into 504, and its shape fits a small enclosed office. The camera seems positioned near the back-right side of that room, facing the doorway toward the open area. | K16: =B16&"|"&C16 -> Floor 5|2.2 | M16: Floor 5|5.pano | N16: =IFERROR(__xludf.DUMMYFUNCTION("MIN(FILTER($I$2:$I109,$K$2:$K109=M16))"),2.236) -> 2.236 | O16: =IFERROR(__xludf.DUMMYFUNCTION("MAX(FILTER($I$2:$I109,$K$2:$K109=M16))"),2.828) -> 2.828 | P16: =O16-N16 -> 0.592
A17: T3.16 | B17: Floor 5 | C17: 2.pano | D17: Panorama | E17: 44 | F17: 16 | G17: 44 | H17: 17 | I17: 1 | J17: The photo matches a small perimeter office with a sloped exterior wall and a row of windows on the right, looking back through a single door into the corridor. On the plan, room 507 best fits this shape and window arrangement at the top-right edge. The camera is likely inside 507 near the windowed exterior side, aimed toward the door back to the hall. | K17: =B17&"|"&C17 -> Floor 5|2.pano | M17: Floor 5|6.1 | N17: =IFERROR(__xludf.DUMMYFUNCTION("MIN(FILTER($I$2:$I109,$K$2:$K109=M17))"),5.657) -> 5.657 | O17: =IFERROR(__xludf.DUMMYFUNCTION("MAX(FILTER($I$2:$I109,$K$2:$K109=M17))"),6.403) -> 6.403 | P17: =O17-N17 -> 0.746
A18: T3.17 | B18: Floor 5 | C18: 2.pano | D18: Panorama | E18: 44 | F18: 16 | G18: 44 | H18: 17 | I18: 1 | J18: The photo appears to be taken inside a small perimeter office with a sloped exterior wall and a row of windows on the right, looking inward through the office door into the corridor/passage. On the plan, the small office 507 matches this shape and window placement best. The camera is likely positioned near the outer window side of room 507, facing back toward its doorway to the passage. | K18: =B18&"|"&C18 -> Floor 5|2.pano | M18: Floor 5|6.2 | N18: =IFERROR(__xludf.DUMMYFUNCTION("MIN(FILTER($I$2:$I109,$K$2:$K109=M18))"),5.0) -> 5 | O18: =IFERROR(__xludf.DUMMYFUNCTION("MAX(FILTER($I$2:$I109,$K$2:$K109=M18))"),6.403) -> 6.403 | P18: =O18-N18 -> 1.403
A19: T3.18 | B19: Floor 5 | C19: 2.pano | D19: Panorama | E19: 44 | F19: 16 | G19: 45 | H19: 17 | I19: 1.414 | J19: The query shows a small perimeter office under a sloped roof with a long exterior window wall on the right and a single inward door opening toward an interior corridor. This best matches office 507 at the top-right angled facade; the camera appears positioned inside that room near the window side, looking back toward the door to the corridor. | K19: =B19&"|"&C19 -> Floor 5|2.pano | M19: Floor 5|6_pano | N19: =IFERROR(__xludf.DUMMYFUNCTION("MIN(FILTER($I$2:$I109,$K$2:$K109=M19))"),5.0) -> 5 | O19: =IFERROR(__xludf.DUMMYFUNCTION("MAX(FILTER($I$2:$I109,$K$2:$K109=M19))"),6.403) -> 6.403 | P19: =O19-N19 -> 1.403
A20: T3.19 | B20: Floor 5 | C20: 3.1 | D20: Wide | E20: 39 | F20: 22 | G20: 44 | H20: 17 | I20: 7.071 | J20: The photo shows a small perimeter office with several desks directly against a faceted exterior window wall, matching one of the angular offices on the northeast side rather than the large open office area. The best fit is room 507, which has the distinctive angled outer facade and size for a multi-desk office. The camera appears placed inside the room near the interior side, looking outward toward the windows, roughly centered but slightly toward the left/interior edge of 507. | K20: =B20&"|"&C20 -> Floor 5|3.1 | M20: Floor 3|1.1 | N20: =IFERROR(__xludf.DUMMYFUNCTION("MIN(FILTER($I$2:$I109,$K$2:$K109=M20))"),29.0) -> 29 | O20: =IFERROR(__xludf.DUMMYFUNCTION("MAX(FILTER($I$2:$I109,$K$2:$K109=M20))"),31.145) -> 31.145 | P20: =O20-N20 -> 2.145
A21: T3.20 | B21: Floor 5 | C21: 3.1 | D21: Wide | E21: 39 | F21: 22 | G21: 44 | H21: 17 | I21: 7.071 | J21: The photo shows a small perimeter office with several desks directly against a faceted exterior window wall and strong daylight/outdoor roof views. On the plan, the best match is office 507 at the upper-right edge: it is a compact corner office with angled exterior glazing, unlike the larger open office 504 or the more rectangular offices below. The camera appears positioned inside 507 near the interior side of the room, looking outward toward the windows, so the estimated camera point is slightly back from the window line near the room’s center-left interior. | K21: =B21&"|"&C21 -> Floor 5|3.1 | M21: Floor 3|1.2 | N21: =IFERROR(__xludf.DUMMYFUNCTION("MIN(FILTER($I$2:$I109,$K$2:$K109=M21))"),29.017) -> 29.017 | O21: =IFERROR(__xludf.DUMMYFUNCTION("MAX(FILTER($I$2:$I109,$K$2:$K109=M21))"),31.78) -> 31.78 | P21: =O21-N21 -> 2.763
A22: T3.21 | B22: Floor 5 | C22: 3.1 | D22: Wide | E22: 39 | F22: 22 | G22: 44 | H22: 16 | I22: 7.81 | J22: The photo shows a small office with desks directly against an exterior window wall and views over the roof, matching one of the perimeter offices on the angled northeast facade. The room shape and likely size fit office 507 best. The camera appears to be inside the room near the interior side, looking outward toward the windows, so I place the point slightly back from the facade within room 507. | K22: =B22&"|"&C22 -> Floor 5|3.1 | M22: Floor 3|1.pano | N22: =IFERROR(__xludf.DUMMYFUNCTION("MIN(FILTER($I$2:$I109,$K$2:$K109=M22))"),19.925) -> 19.925 | O22: =IFERROR(__xludf.DUMMYFUNCTION("MAX(FILTER($I$2:$I109,$K$2:$K109=M22))"),26.0) -> 26 | P22: =O22-N22 -> 6.075
A23: T3.22 | B23: Floor 5 | C23: 3.2 | D23: Wide | E23: 39 | F23: 22 | G23: 32 | H23: 12 | I23: 12.207 | J23: The photo best matches room 506 (MÖTESRUM), a meeting room with a central partition/TV wall and tables/chairs by the exterior windows. The coat rack niche and open seating area suggest the camera is inside the upper-left part of this room, looking southeast toward the partition and window side. | K23: =B23&"|"&C23 -> Floor 5|3.2 | M23: Floor 3|2.1 | N23: =IFERROR(__xludf.DUMMYFUNCTION("MIN(FILTER($I$2:$I109,$K$2:$K109=M23))"),1.0) -> 1 | O23: =IFERROR(__xludf.DUMMYFUNCTION("MAX(FILTER($I$2:$I109,$K$2:$K109=M23))"),5.385) -> 5.385 | P23: =O23-N23 -> 4.385
A24: T3.23 | B24: Floor 5 | C24: 3.2 | D24: Wide | E24: 39 | F24: 22 | G24: 32 | H24: 12 | I24: 12.207 | J24: The photo best matches room 506 (MÖTESRUM): it shows a meeting space with a large table, chairs, TV on an interior angled wall, coat rack near the entrance side, and a windowed edge beyond. The camera appears to be inside the meeting room near the lower-right/southeast side, aimed toward the angled interior partition and across toward the windows, so the best estimate is a point in the southeast portion of room 506. | K24: =B24&"|"&C24 -> Floor 5|3.2 | M24: Floor 3|2.2 | N24: =IFERROR(__xludf.DUMMYFUNCTION("MIN(FILTER($I$2:$I109,$K$2:$K109=M24))"),4.123) -> 4.123 | O24: =IFERROR(__xludf.DUMMYFUNCTION("MAX(FILTER($I$2:$I109,$K$2:$K109=M24))"),6.403) -> 6.403 | P24: =O24-N24 -> 2.28
A25: T3.24 | B25: Floor 5 | C25: 3.2 | D25: Wide | E25: 39 | F25: 22 | G25: 32 | H25: 12 | I25: 12.207 | J25: The photo matches the large meeting room 506 (MÖTESRUM): it shows a conference table, many chairs by the windowed outer wall, and a central partition/TV wall. The camera appears to be inside that room near the lower-right/interior side, looking toward the partition with the windows along the far exterior wall, so the best estimate is a point in the southeastern part of room 506. | K25: =B25&"|"&C25 -> Floor 5|3.2 | M25: Floor 3|2_pano | N25: =IFERROR(__xludf.DUMMYFUNCTION("MIN(FILTER($I$2:$I109,$K$2:$K109=M25))"),3.162) -> 3.162 | O25: =IFERROR(__xludf.DUMMYFUNCTION("MAX(FILTER($I$2:$I109,$K$2:$K109=M25))"),4.472) -> 4.472 | P25: =O25-N25 -> 1.31
A26: T3.25 | B26: Floor 5 | C26: 3_pano | D26: Panorama | E26: 39 | F26: 22 | G26: 32 | H26: 12 | I26: 12.207 | J26: The photo best matches room 506 (MÖTESRUM): it shows a large meeting table, windows along one exterior wall, and multiple glass-fronted rooms/openings toward the office side. The camera appears positioned inside the meeting room near its interior side, looking across the table toward the central wall and glass openings, so the best estimate is near the lower-central part of room 506. | K26: =B26&"|"&C26 -> Floor 5|3_pano | M26: Floor 3|3.1 | N26: =IFERROR(__xludf.DUMMYFUNCTION("MIN(FILTER($I$2:$I109,$K$2:$K109=M26))"),6.403) -> 6.403 | O26: =IFERROR(__xludf.DUMMYFUNCTION("MAX(FILTER($I$2:$I109,$K$2:$K109=M26))"),7.616) -> 7.616 | P26: =O26-N26 -> 1.213
A27: T3.26 | B27: Floor 5 | C27: 3_pano | D27: Panorama | E27: 39 | F27: 22 | G27: 31 | H27: 12 | I27: 12.806 | J27: The photo matches room 506 (MÖTESRUM): a large meeting table in the foreground, exterior windows along one long side, and multiple glass-fronted small offices/rooms visible across the opposite side. The camera appears to be inside the meeting room near its lower-central/right side, aimed across toward the interior partition and adjacent rooms, so the best floorplan position is within 506 close to the side facing 502/505. | K27: =B27&"|"&C27 -> Floor 5|3_pano | M27: Floor 3|3.2 | N27: =IFERROR(__xludf.DUMMYFUNCTION("MIN(FILTER($I$2:$I109,$K$2:$K109=M27))"),5.831) -> 5.831 | O27: =IFERROR(__xludf.DUMMYFUNCTION("MAX(FILTER($I$2:$I109,$K$2:$K109=M27))"),6.708) -> 6.708 | P27: =O27-N27 -> 0.877
A28: T3.27 | B28: Floor 5 | C28: 3_pano | D28: Panorama | E28: 39 | F28: 22 | G28: 31 | H28: 12 | I28: 12.806 | J28: The photo matches room 506 (MÖTESRUM): it shows a large conference table, exterior windows along one long wall, and multiple glass-fronted small offices/meeting rooms plus an opening toward the office landscape on the opposite side, which fits the meeting room adjacent to 502/505/504. The camera appears to be inside 506 near its lower-central/right side, looking across the table toward the windows and the internal glass partitions. | K28: =B28&"|"&C28 -> Floor 5|3_pano | M28: Floor 3|3_pano | N28: =IFERROR(__xludf.DUMMYFUNCTION("MIN(FILTER($I$2:$I109,$K$2:$K109=M28))"),5.831) -> 5.831 | O28: =IFERROR(__xludf.DUMMYFUNCTION("MAX(FILTER($I$2:$I109,$K$2:$K109=M28))"),7.211) -> 7.211 | P28: =O28-N28 -> 1.38
A29: T3.31 | B29: Floor 5 | C29: 4.1 | D29: Wide | E29: 42 | F29: 29 | G29: 35 | H29: 21 | I29: 10.63 | J29: The photo shows a small glass-partitioned meeting room opening directly into a larger open office with exterior windows on two sides. On the plan, room 506 (MÖTESRUM) sits as a glazed meeting room embedded in the open office area 504, matching the angled glass walls and door. The camera appears to be inside 506 near its lower-right side, looking out through the glass door toward the open office, so the best position is inside 506 close to the door/open-office edge. | K29: =B29&"|"&C29 -> Floor 5|4.1 | M29: Floor 3|4.1 | N29: =IFERROR(__xludf.DUMMYFUNCTION("MIN(FILTER($I$2:$I109,$K$2:$K109=M29))"),17.205) -> 17.205 | O29: =IFERROR(__xludf.DUMMYFUNCTION("MAX(FILTER($I$2:$I109,$K$2:$K109=M29))"),19.849) -> 19.849 | P29: =O29-N29 -> 2.644
A30: T3.32 | B30: Floor 5 | C30: 4.1 | D30: Wide | E30: 42 | F30: 29 | G30: 35 | H30: 22 | I30: 9.899 | J30: The photo shows a glass-partitioned meeting room or booth opening into a larger open office with many windows and desks. On the plan, the best match is the small glazed room 505 PENTRY / adjacent open office 504 KONTORSLANDSKAP near the central core, where angled glass walls and a door face the larger workspace. The camera is most likely just inside the small room at its opening toward the open office, near the glass door and partition corner. | K30: =B30&"|"&C30 -> Floor 5|4.1 | M30: Floor 3|4.2 | N30: =IFERROR(__xludf.DUMMYFUNCTION("MIN(FILTER($I$2:$I109,$K$2:$K109=M30))"),9.487) -> 9.487 | O30: =IFERROR(__xludf.DUMMYFUNCTION("MAX(FILTER($I$2:$I109,$K$2:$K109=M30))"),10.44) -> 10.44 | P30: =O30-N30 -> 0.953
A31: T3.33 | B31: Floor 5 | C31: 4.1 | D31: Wide | E31: 42 | F31: 29 | G31: 35 | H31: 21 | I31: 10.63 | J31: The photo shows a glass-partitioned meeting room/open-office edge with exterior windows on multiple sides and angled glazing, which best matches the small glazed room 505 (Pantry) beside the large open office 504. The camera appears just inside the southwest side of that room, near the glass door looking across into the open office and toward the facade windows. | K31: =B31&"|"&C31 -> Floor 5|4.1 | M31: Floor 3|4.pano | N31: =IFERROR(__xludf.DUMMYFUNCTION("MIN(FILTER($I$2:$I109,$K$2:$K109=M31))"),23.77) -> 23.77 | O31: =IFERROR(__xludf.DUMMYFUNCTION("MAX(FILTER($I$2:$I109,$K$2:$K109=M31))"),25.71) -> 25.71 | P31: =O31-N31 -> 1.94
A32: T3.34 | B32: Floor 5 | C32: 4.2 | D32: Wide | E32: 42 | F32: 29 | G32: 32 | H32: 12 | I32: 19.723 | J32: The photo shows a small glass-walled meeting room with a table and chairs directly beside the long exterior window facade, looking into the open office area. This best matches room 506 MÖTESRUM at the top center-right of the plan. The camera appears to be inside that room near its left/west end by the exterior windows, aimed diagonally through the glass wall toward the office, so the position is placed slightly inside the southwest side of room 506. | K32: =B32&"|"&C32 -> Floor 5|4.2 | M32: Floor 3|5.1 | N32: =IFERROR(__xludf.DUMMYFUNCTION("MIN(FILTER($I$2:$I109,$K$2:$K109=M32))"),9.849) -> 9.849 | O32: =IFERROR(__xludf.DUMMYFUNCTION("MAX(FILTER($I$2:$I109,$K$2:$K109=M32))"),13.892) -> 13.892 | P32: =O32-N32 -> 4.043
A33: T3.35 | B33: Floor 5 | C33: 4.2 | D33: Wide | E33: 42 | F33: 29 | G33: 32 | H33: 12 | I33: 19.723 | J33: The photo matches room 506 (MÖTESRUM): it is a small meeting room with a table, directly along the long exterior window facade and separated from the adjacent open office by a glass wall. The camera appears to be inside the meeting room near its inner-left corner, looking diagonally through the glass partition toward the open office, so the best position is near the southwest side of room 506, slightly in from the walls. | K33: =B33&"|"&C33 -> Floor 5|4.2 | M33: Floor 3|5.2 | N33: =IFERROR(__xludf.DUMMYFUNCTION("MIN(FILTER($I$2:$I109,$K$2:$K109=M33))"),4.472) -> 4.472 | O33: =IFERROR(__xludf.DUMMYFUNCTION("MAX(FILTER($I$2:$I109,$K$2:$K109=M33))"),5.831) -> 5.831 | P33: =O33-N33 -> 1.359
A34: T3.36 | B34: Floor 5 | C34: 4.2 | D34: Wide | E34: 42 | F34: 29 | G34: 32 | H34: 12 | I34: 19.723 | J34: The photo shows a small glass-walled meeting room with a table, directly beside the windowed exterior facade and looking into an open office area. This best matches room 506 MÖTESRUM at the top center-right of the plan, which sits along the exterior windows and opens toward the open office/pantry side. The camera appears positioned near the inner-left corner of that room, close to the short wall and window edge, facing diagonally through the glass toward the larger office. | K34: =B34&"|"&C34 -> Floor 5|4.2 | M34: Floor 3|5.pano | N34: =IFERROR(__xludf.DUMMYFUNCTION("MIN(FILTER($I$2:$I109,$K$2:$K109=M34))"),5.099) -> 5.099 | O34: =IFERROR(__xludf.DUMMYFUNCTION("MAX(FILTER($I$2:$I109,$K$2:$K109=M34))"),10.44) -> 10.44 | P34: =O34-N34 -> 5.341
A35: T3.37 | B35: Floor 5 | C35: 4.pano | D35: Panorama | E35: 42 | F35: 29 | G35: 32 | H35: 12 | I35: 19.723 | J35: The photo appears to be taken inside the meeting room 506 (MÖTESRUM): it has a meeting table in the foreground, exterior windows along one side, and glass partitions/doors opening to the adjacent open office area 504 and hall near 505. The camera is likely near the inner-right side of room 506, looking diagonally across the room toward the windows and glass wall, so the best floorplan position is inside 506 close to its southeast side. | K35: =B35&"|"&C35 -> Floor 5|4.pano | M35: Floor 3|6.1 | N35: =IFERROR(__xludf.DUMMYFUNCTION("MIN(FILTER($I$2:$I109,$K$2:$K109=M35))"),9.487) -> 9.487 | O35: =IFERROR(__xludf.DUMMYFUNCTION("MAX(FILTER($I$2:$I109,$K$2:$K109=M35))"),10.77) -> 10.77 | P35: =O35-N35 -> 1.283
A36: T3.38 | B36: Floor 5 | C36: 4.pano | D36: Panorama | E36: 42 | F36: 29 | G36: 32 | H36: 12 | I36: 19.723 | J36: The photo appears to be taken inside the polygonal meeting room 506 (MÖTESRUM): it has a meeting table, strong exterior windows along one side, and glass partitions/doors opening toward the office landscape and pantry side. The camera is positioned near the inner/right side of room 506, close to the glass wall facing the central office area, looking diagonally across the room toward the windowed facade and adjacent glass partitions. | K36: =B36&"|"&C36 -> Floor 5|4.pano | M36: Floor 3|6.2 | N36: =IFERROR(__xludf.DUMMYFUNCTION("MIN(FILTER($I$2:$I109,$K$2:$K109=M36))"),10.44) -> 10.44 | O36: =IFERROR(__xludf.DUMMYFUNCTION("MAX(FILTER($I$2:$I109,$K$2:$K109=M36))"),10.77) -> 10.77 | P36: =O36-N36 -> 0.33
A37: T3.39 | B37: Floor 5 | C37: 4.pano | D37: Panorama | E37: 42 | F37: 29 | G37: 32 | H37: 12 | I37: 19.723 | J37: The photo appears to be taken inside the large glazed meeting room 506 (MÖTESRUM). Visible clues are the curved/angled glass partitions with dotted decals, a meeting table in the foreground, and open office space outside the glass to the right, matching room 506 adjacent to the open office 504 and near pantry 505. The camera is likely positioned near the upper-left side of room 506, looking diagonally across the glass wall toward the open office. | K37: =B37&"|"&C37 -> Floor 5|4.pano | M37: Floor 3|6_pano | N37: =IFERROR(__xludf.DUMMYFUNCTION("MIN(FILTER($I$2:$I109,$K$2:$K109=M37))"),9.849) -> 9.849 | O37: =IFERROR(__xludf.DUMMYFUNCTION("MAX(FILTER($I$2:$I109,$K$2:$K109=M37))"),11.18) -> 11.18 | P37: =O37-N37 -> 1.331
A38: T3.40 | B38: Floor 5 | C38: 5.1 | D38: Wide | E38: 46 | F38: 30 | G38: 44 | H38: 28 | I38: 2.828 | J38: The photo appears to be inside a very small enclosed room or vestibule with two inward-facing doors and a first-aid cabinet, which best matches room 516 ELC next to the service core. The camera seems positioned just inside that small room, near the doorway on the right side, looking toward the double doors on the opposite wall. | K38: =B38&"|"&C38 -> Floor 5|5.1
A39: T3.41 | B39: Floor 5 | C39: 5.1 | D39: Wide | E39: 46 | F39: 30 | G39: 44 | H39: 31 | I39: 2.236 | J39: The photo shows a very small enclosed vestibule/storage-like room with double doors ahead and another door on the right, plus a wall-mounted first-aid cabinet and chairs. On the plan, room 511 (FRD/förråd) is the best match: it is a small room beside the WC/stair core with a door from the west side and another connection toward the WC/corridor side, matching the visible door arrangement. The camera is likely just inside 511 near its southwest side, facing the double doors on the north wall. | K39: =B39&"|"&C39 -> Floor 5|5.1
A40: T3.42 | B40: Floor 5 | C40: 5.1 | D40: Wide | E40: 46 | F40: 30 | G40: 45 | H40: 30 | I40: 1 | J40: The photo appears to be inside a very small enclosed room with double doors ahead and another door on the right, matching the compact first-aid room 511 FRD next to the WC/stair core. The cramped layout and door arrangement suggest the camera is positioned just inside that room, a little back from the double doors and near the side wall. | K40: =B40&"|"&C40 -> Floor 5|5.1
A41: T3.43 | B41: Floor 5 | C41: 5.2 | D41: Wide | E41: 46 | F41: 30 | G41: 48 | H41: 31 | I41: 2.236 | J41: The photo shows a small corridor with two doors labeled WC on the right, a column in the hall, and the corridor bending left. This best matches the restroom/passage zone around rooms 512 WC and 514 ST near passage 510 on the right side of the floorplan. The camera is likely standing in the short corridor just west/northwest of the 512 WC doors, looking along the bend toward the left, near the column shown in that passage area. | K41: =B41&"|"&C41 -> Floor 5|5.2
A42: T3.44 | B42: Floor 5 | C42: 5.2 | D42: Wide | E42: 46 | F42: 30 | G42: 48 | H42: 30 | I42: 2 | J42: The photo shows a small corridor with two doors labeled WC and a visible round column, which best matches the restroom passage area around rooms 510 PASSAGE / 512 WC / 515 RWC near the stair. The camera appears to be standing in the narrow passage just west of the WC doors, looking slightly northwest down the corridor, so the best floorplan position is in that passage beside the column and restroom entrances. | K42: =B42&"|"&C42 -> Floor 5|5.2
A43: T3.45 | B43: Floor 5 | C43: 5.2 | D43: Wide | E43: 46 | F43: 30 | G43: 48 | H43: 30 | I43: 2 | J43: The photo shows a small corridor with two adjacent doors labeled WC and a nearby column, matching the restroom passage area around rooms 510/512/514/515 next to the stair core on the right side of the plan. The camera appears to be standing in the narrow passage just west of the WC doors, looking northwest toward the bend and column. | K43: =B43&"|"&C43 -> Floor 5|5.2
A44: T3.46 | B44: Floor 5 | C44: 5.pano | D44: Panorama | E44: 46 | F44: 30 | G44: 44 | H44: 28 | I44: 2.828 | J44: The query shows an interior corridor with several office doors on one side, a visible column, and the corridor continuing toward a brighter open area. This best matches the small passage/corridor zone around rooms 510/516/517 next to the stair and WC core, where multiple doors line a narrow hall and it opens toward the larger office landscape. The camera is likely positioned in that passage, slightly west of the stair core, facing along the corridor toward the open office area. | K44: =B44&"|"&C44 -> Floor 5|5.pano
A45: T3.47 | B45: Floor 5 | C45: 5.pano | D45: Panorama | E45: 46 | F45: 30 | G45: 44 | H45: 28 | I45: 2.828 | J45: The photo shows a narrow corridor with several office doors on one side, a curved corridor wall and a structural column nearby. This best matches the small passage/office corridor around rooms 507–510, just west of the service core. The camera appears positioned in the passage outside these offices, facing along the corridor with the doors close on the right side. | K45: =B45&"|"&C45 -> Floor 5|5.pano
A46: T3.48 | B46: Floor 5 | C46: 5.pano | D46: Panorama | E46: 46 | F46: 30 | G46: 44 | H46: 31 | I46: 2.236 | J46: The photo shows a narrow interior corridor with several office doors along one side, a column in the corridor, and the hall continuing toward a brighter open area. This best matches the small passage/corridor by rooms 507–510 and 511/512 on the right side of the plan. The camera appears positioned in that passage near the bend/opening toward the larger office area, looking along the row of doors. | K46: =B46&"|"&C46 -> Floor 5|5.pano
A47: T3.49 | B47: Floor 5 | C47: 6.1 | D47: Wide | E47: 48 | F47: 27 | G47: 43 | H47: 31 | I47: 6.403 | J47: The photo is taken inside a small restroom/handwash area: visible sink, mirror, soap dispenser, dark tile floor, and a doorway opening to carpeted corridor. On the plan, the best match is room 515 RWC next to 514 ST and 516 ELC, since it is a compact restroom opening into the small passage. The camera appears to be just inside the restroom at the sink along the right wall, looking out through the door, so the position is placed within 515 near its wall-mounted sink side. | K47: =B47&"|"&C47 -> Floor 5|6.1
A48: T3.50 | B48: Floor 5 | C48: 6.1 | D48: Wide | E48: 48 | F48: 27 | G48: 44 | H48: 31 | I48: 5.657 | J48: The photo is taken inside a small restroom/wash area: visible sink, mirror, soap dispenser, dark tile floor, and a doorway opening to the corridor. On the plan, the best match is room 515 RWC beside the WC/ST core, since it is the compact restroom with a door to the passage. The camera appears to stand just inside that restroom near the sink/mirror wall, facing out toward the door, so the point is placed inside 515 close to its right-hand wall. | K48: =B48&"|"&C48 -> Floor 5|6.1
A49: T3.51 | B49: Floor 5 | C49: 6.1 | D49: Wide | E49: 48 | F49: 27 | G49: 43 | H49: 30 | I49: 5.831 | J49: The photo is taken inside a small restroom/handwash area: visible sink, mirror, soap dispenser, tiled floor, and a doorway opening to carpeted office space. On the plan, the best match is room 515 RWC beside 514 ST and the 516/510 passage cluster. The camera appears to be standing inside the restroom near the sink along the right wall, facing toward the doorway, so the position is placed inside 515 close to its right/east wall. | K49: =B49&"|"&C49 -> Floor 5|6.1
A50: T3.52 | B50: Floor 5 | C50: 6.2 | D50: Wide | E50: 48 | F50: 27 | G50: 44 | H50: 32 | I50: 6.403 | J50: The query image appears to be inside a restroom: visible soap/towel dispenser and sanitary fixture, with the camera aimed up into a tight corner. On the floorplan, the most plausible matching area is the small restroom 515 RWC beside 514 ST/516 ELC. The camera is likely placed near an interior corner of that room, so I chose a point within 515 close to a wall corner. | K50: =B50&"|"&C50 -> Floor 5|6.2
A51: T3.53 | B51: Floor 5 | C51: 6.2 | D51: Wide | E51: 48 | F51: 27 | G51: 44 | H51: 30 | I51: 5 | J51: The photo appears to be inside a restroom: visible soap/towel dispenser and the top of a urinal/toilet fixture, with the camera aimed up into a tight wall corner. On the plan, the most likely matching small restroom area is 515 RWC near the lower-right cluster. The corner geometry suggests the camera is positioned inside that room near one wall corner rather than in the larger WC 512, so I place the point within 515 RWC close to its interior corner. | K51: =B51&"|"&C51 -> Floor 5|6.2
A52: T3.54 | B52: Floor 5 | C52: 6.2 | D52: Wide | E52: 48 | F52: 27 | G52: 44 | H52: 31 | I52: 5.657 | J52: The query shows a restroom corner with a wall-mounted soap/towel dispenser and part of a urinal, so this is most likely inside the small WC/restroom cluster on the right side of the plan. The best match is room 515 RWC, positioned near an interior corner rather than the center of the room. | K52: =B52&"|"&C52 -> Floor 5|6.2
A53: T3.55 | B53: Floor 5 | C53: 6_pano | D53: Panorama | E53: 48 | F53: 27 | G53: 43 | H53: 30 | I53: 5.831 | J53: The photo appears to be taken inside a small washroom or toilet vestibule: visible sink, mirror, soap dispenser, paper dispenser, and a door opening to a curved corridor outside. On the plan, the best match is the restroom cluster around rooms 514/515 near 516 ELC, where a small WC/RWC area opens into the passage 510. The camera is most likely inside the small washroom space just left of the passage, positioned near the sink and facing outward toward the door. | K53: =B53&"|"&C53 -> Floor 5|6_pano
A54: T3.56 | B54: Floor 5 | C54: 6_pano | D54: Panorama | E54: 48 | F54: 27 | G54: 43 | H54: 31 | I54: 6.403 | J54: The query photo appears to be inside a small restroom/wash area: visible sink, soap dispenser, paper dispenser, and a door opening into a curved corridor. On the floorplan, the best match is the small restroom cluster around room 515 RWC near the lower-right side, which connects directly to the curved passage 510. The camera is most likely just inside the restroom near the sink wall, facing the doorway toward the passage, so I place the point within 515 close to its upper-right side. | K54: =B54&"|"&C54 -> Floor 5|6_pano
A55: T3.57 | B55: Floor 5 | C55: 6_pano | D55: Panorama | E55: 48 | F55: 27 | G55: 44 | H55: 30 | I55: 5 | J55: The photo appears to be taken inside a small restroom/wash area: visible sink, mirror, soap dispenser, tiled floor, and an outward door opening to a curved corridor. On the plan, the best match is room 515 RWC beside 514 ST and near the small passage/stair core, since it is a compact sanitary room with a door into the curved circulation space. The camera is most likely positioned inside 515 near the sink wall, a little back from the doorway. | K55: =B55&"|"&C55 -> Floor 5|6_pano
A56: T3.58 | B56: Floor 3 | C56: 1.1 | D56: Wide | E56: 30 | F56: 10 | G56: 30 | H56: 39 | I56: 29 | J56: The photo shows a small perimeter office with strong daylight from windows behind/left of the camera, a carpeted room, a floor box, one main glazed door opening to a larger office area with windows, and a second solid internal door on the same wall. This best matches one of the small offices along the south side corridor; the visible adjacent larger workspace through the glazed door suggests the camera is in the westmost small office next to the angled west wing. The camera appears positioned near the window side of that room, looking inward toward the corridor-side wall with the two doors. | K56: =B56&"|"&C56 -> Floor 3|1.1
A57: T3.59 | B57: Floor 3 | C57: 1.1 | D57: Wide | E57: 30 | F57: 10 | G57: 37 | H57: 40 | I57: 30.806 | J57: The photo looks like a small perimeter office: carpeted room, strong sunlight from exterior windows on the left, and an open glazed door leading into a brighter shared office area with worktops/cabinets. On the plan, the best match is one of the small offices along the south facade opening north into corridor B303/PASSAGE, near the right half of the row. The camera appears placed inside the office near the window side, looking back toward the corridor door and a secondary internal closet/solid door on the right wall, so I place it slightly inside one of those south offices close to its outer wall. | K57: =B57&"|"&C57 -> Floor 3|1.1
A58: T3.60 | B58: Floor 3 | C58: 1.1 | D58: Wide | E58: 30 | F58: 10 | G58: 27 | H58: 41 | I58: 31.145 | J58: The photo appears to be taken inside one of the small south-facing offices along the bottom corridor: carpeted room, strong sunlight from exterior windows behind the camera, and a door opening to the corridor plus a second internal door/windowed opening into an adjacent room. The best match is one of the offices in the lower central-right row; the camera is placed near the exterior-window side of that office, aimed back toward the corridor-side wall and doors. | K58: =B58&"|"&C58 -> Floor 3|1.1
A59: T3.61 | B59: Floor 3 | C59: 1.2 | D59: Wide | E59: 30 | F59: 10 | G59: 34 | H59: 41 | I59: 31.257 | J59: The photo shows a narrow perimeter office with a long exterior window wall on the left, radiator below, and a glazed door opening into the interior corridor/room cluster on the right. On the plan, the small offices along the bottom edge match this layout best. The view is most consistent with one of the right-side offices near B303, looking inward toward the corridor, with the camera placed close to the exterior window wall near the left side of that room. | K59: =B59&"|"&C59 -> Floor 3|1.2
A60: T3.62 | B60: Floor 3 | C60: 1.2 | D60: Wide | E60: 30 | F60: 10 | G60: 29 | H60: 39 | I60: 29.017 | J60: The photo shows a small perimeter office with a long exterior window wall on the left, an interior door on the right opening to a corridor/pantry-like area, and another narrow window on the far wall. This best matches one of the small offices along the south façade, just west of the B303 passage. The camera appears positioned near the exterior window side of that office, looking inward toward the door. | K60: =B60&"|"&C60 -> Floor 3|1.2
A61: T3.63 | B61: Floor 3 | C61: 1.2 | D61: Wide | E61: 30 | F61: 10 | G61: 37 | H61: 41 | I61: 31.78 | J61: The photo shows a narrow perimeter office with large exterior windows on the left and a single door opening into an internal corridor/pantry-like area. On the plan, the small offices along the bottom edge match this layout best: exterior façade windows on one side and doors to the inner corridor on the other. The camera appears to be inside one of these rooms near the windowed exterior wall, looking inward toward the corridor door, so I placed the point in a bottom-row office slightly left of center of that room. | K61: =B61&"|"&C61 -> Floor 3|1.2
A62: T3.64 | B62: Floor 3 | C62: 1.pano | D62: Panorama | E62: 30 | F62: 10 | G62: 36 | H62: 29 | I62: 19.925 | J62: The photo appears to be taken inside a small perimeter office with two exterior windows on adjacent walls and an internal glazed door opening toward the larger office area. On the floorplan, the small room at the south side of the large 302 KONTORSLANDSKAP area near the balcony connection best matches this layout. The camera is positioned near the corner by the windows, looking inward toward the door and interior wall. | K62: =B62&"|"&C62 -> Floor 3|1.pano
A63: T3.65 | B63: Floor 3 | C63: 1.pano | D63: Panorama | E63: 30 | F63: 10 | G63: 40 | H63: 34 | I63: 26 | J63: The photo appears to be taken inside a small perimeter office along the south facade: it has two exterior windows meeting at a corner/angled wall and an inward door opening to a corridor/office area with built-in cabinetry visible beyond. On the plan, the small rooms lining the bottom edge fit this best, especially one of the corner-adjacent offices near the east side where the facade geometry changes. The camera is likely positioned near the windowed corner of that office, looking inward toward the door. | K63: =B63&"|"&C63 -> Floor 3|1.pano
A64: T3.66 | B64: Floor 3 | C64: 1.pano | D64: Panorama | E64: 30 | F64: 10 | G64: 35 | H64: 35 | I64: 25.495 | J64: The photo appears to be taken inside one of the small perimeter offices along the south side of the plan: it is a narrow rectangular room with exterior windows on the left side and a single inward door opening to the internal corridor. The strongest match is one of the small offices just west of area B303 PASSAGE. The camera is positioned near the windowed exterior wall, slightly inside the room and facing back toward the corridor door. | K64: =B64&"|"&C64 -> Floor 3|1.pano
A65: T3.67 | B65: Floor 3 | C65: 2.1 | D65: Wide | E65: 40 | F65: 18 | G65: 39 | H65: 21 | I65: 3.162 | J65: The photo matches the large open office area 302 (KONTORSLANDSKAP): it is a big unobstructed room with a long exterior window wall on one side, plus internal doors and a small corridor/opening along the opposite wall. The camera appears to stand inside the open room near its lower-left/central part, looking toward the upper/right interior wall where the doors and column are located. | K65: =B65&"|"&C65 -> Floor 3|2.1
A66: T3.68 | B66: Floor 3 | C66: 2.1 | D66: Wide | E66: 40 | F66: 18 | G66: 39 | H66: 18 | I66: 1 | J66: The photo matches the large open office area 302 KONTORSLANDSKAP: a wide carpeted room with a long exterior window wall on the left, an internal wall with several doors on the right, and a visible column near the back. The camera appears to be positioned inside the open area, somewhat toward its left/southwest side, looking diagonally toward the internal wall and passage/door area near room 303/306. | K66: =B66&"|"&C66 -> Floor 3|2.1
A67: T3.69 | B67: Floor 3 | C67: 2.1 | D67: Wide | E67: 40 | F67: 18 | G67: 38 | H67: 23 | I67: 5.385 | J67: The photo matches the large open office area 302 KONTORSLANDSKAP: a broad open room with many exterior windows on one side and doors/openings into the core on the opposite side. The camera appears to be positioned inside this room near its left-central side, looking diagonally toward the internal wall with doors and toward the darker passage, so the best floorplan point is in the western half of room 302. | K67: =B67&"|"&C67 -> Floor 3|2.1
A68: T3.70 | B68: Floor 3 | C68: 2.2 | D68: Wide | E68: 40 | F68: 18 | G68: 35 | H68: 22 | I68: 6.403 | J68: The photo matches the large open office area 302 (KONTORSLANDSKAP): it has a broad carpeted space, slanted exterior window wall, and multiple round columns visible on the plan. The view appears to be from the middle-right part of this room, near one column, looking toward the small doorway/exit alcove along the upper-left side of the open area. | K68: =B68&"|"&C68 -> Floor 3|2.2
A69: T3.71 | B69: Floor 3 | C69: 2.2 | D69: Wide | E69: 40 | F69: 18 | G69: 39 | H69: 22 | I69: 4.123 | J69: The photo matches the large open office area 302 (KONTORSLANDSKAP): it has broad open carpeted space, perimeter windows, and several round columns that appear on the plan as isolated circular supports. The exterior glass door and angled perimeter wall fit the upper-left edge of room 302 near the pantry/hiss core. The camera is likely positioned a bit inside the open area, near one of the central columns, looking toward the northwest corner and exit door. | K69: =B69&"|"&C69 -> Floor 3|2.2
A70: T3.72 | B70: Floor 3 | C70: 2.2 | D70: Wide | E70: 40 | F70: 18 | G70: 39 | H70: 22 | I70: 4.123 | J70: The photo matches the large open office area 302 (KONTORSLANDSKAP): it has a broad carpeted space, exterior windows along the outer wall, multiple round columns, and a nearby glazed exit/door by a small projecting wall. The camera appears to be inside this open room, a bit left of center and facing toward the southeast-side interior wall/door zone near passage 306, so the best estimate is around (3190,1770). | K70: =B70&"|"&C70 -> Floor 3|2.2
A71: T3.73 | B71: Floor 3 | C71: 2_pano | D71: Panorama | E71: 40 | F71: 18 | G71: 39 | H71: 21 | I71: 3.162 | J71: The query shows a large open office with many perimeter windows, two interior round columns, and a small kitchenette/pantry against the inner wall. This best matches area 302 KONTORSLANDSKAP next to 303 PENTRY. The camera appears to be inside the open office, roughly central but a bit toward the pantry/core side, with the main windowed facade wrapping around to the right and left. I placed the point near the middle-left of room 302, close to the interior columns. | K71: =B71&"|"&C71 -> Floor 3|2_pano
A72: T3.74 | B72: Floor 3 | C72: 2_pano | D72: Panorama | E72: 40 | F72: 18 | G72: 39 | H72: 21 | I72: 3.162 | J72: The photo matches the large open office area 302 KONTORSLANDSKAP: a wide open room with many perimeter windows, a small pantry/island near the HISS/PENTRY side, and visible round columns that correspond to the two column markers shown in the room. The camera appears to be near the central part of this open space, slightly left of the room’s middle and close to one of the columns, looking toward the windowed outer wall and the pantry/core side. | K72: =B72&"|"&C72 -> Floor 3|2_pano
A73: T3.75 | B73: Floor 3 | C73: 2_pano | D73: Panorama | E73: 40 | F73: 18 | G73: 38 | H73: 22 | I73: 4.472 | J73: The photo matches the large open office area 302 (KONTORSLANDSKAP): it is a broad unobstructed space with many exterior windows along the angled façade, a small pantry/kitchenette visible inside the room, and several interior columns. The camera appears to be positioned near the middle-left part of this open space, close to one of the central columns and facing toward the windowed outer wall and pantry side. | K73: =B73&"|"&C73 -> Floor 3|2_pano
A74: T3.76 | B74: Floor 3 | C74: 3.1 | D74: Wide | E74: 31 | F74: 23 | G74: 38 | H74: 26 | I74: 7.616 | J74: The photo shows a covered exterior/balcony walkway with a long run of windows and a door into the office area. On the plan, the clearest match is the diagonal area labeled ‘BALKONG’ along the southeast side of room 302, where a narrow exterior passage runs beside a window wall. The viewpoint appears to be standing on that balcony near its upper-left end, looking along the facade toward the southeast. | K74: =B74&"|"&C74 -> Floor 3|3.1 | T74: säger balkong men placerar inomhus
A75: T3.77 | B75: Floor 3 | C75: 3.1 | D75: Wide | E75: 31 | F75: 23 | G75: 36 | H75: 27 | I75: 6.403 | J75: The photo shows a covered exterior balcony/walkway with a long run of windows and a door into the office area. On the plan, the narrow diagonal area labeled “BALKONG” beside room 302 matches this façade condition. The perspective suggests the camera is standing on that balcony near its upper-left end, looking along the windows toward the lower-right, so the best camera position is on the balcony just outside the 302 wall. | K75: =B75&"|"&C75 -> Floor 3|3.1
A76: T3.78 | B76: Floor 3 | C76: 3.1 | D76: Wide | E76: 31 | F76: 23 | G76: 37 | H76: 27 | I76: 7.211 | J76: The photo shows a covered exterior balcony/walkway with a long run of windows on one side and open lightwell/courtyard space on the other. On the plan, this best matches the diagonal area labeled ‘BALKONG’ beside room 302. The camera appears positioned near the upper end of that balcony, close to the door/window line and looking down the walkway toward the narrower end, so the best estimate is along the northwest portion of the BALKONG segment. | K76: =B76&"|"&C76 -> Floor 3|3.1
A77: T3.79 | B77: Floor 3 | C77: 3.2 | D77: Wide | E77: 31 | F77: 23 | G77: 37 | H77: 25 | I77: 6.325 | J77: The photo appears to be taken from the balcony/walkway outside the large open office area 302: there is an exterior-style railing, façade cladding, and a glazed door opening directly into a large room. On the plan, the only matching narrow balcony is the diagonal area labeled ‘BALKONG’ along room 302. The camera is best placed near the upper end of this balcony, just outside the door into 302, looking along the railing and toward the façade corner. | K77: =B77&"|"&C77 -> Floor 3|3.2
A78: T3.80 | B78: Floor 3 | C78: 3.2 | D78: Wide | E78: 31 | F78: 23 | G78: 36 | H78: 26 | I78: 5.831 | J78: The photo appears to be taken from the narrow exterior balcony/walkway labeled ‘BALKONG’, right beside a glazed door entering the large office area 302 KONTORSLANDSKAP. The railing in the foreground and the open door into a large room match this balcony edge and doorway, so the camera is placed on the balcony just outside that entrance. | K78: =B78&"|"&C78 -> Floor 3|3.2
A79: T3.81 | B79: Floor 3 | C79: 3.2 | D79: Wide | E79: 31 | F79: 23 | G79: 37 | H79: 26 | I79: 6.708 | J79: The photo appears to be taken on the narrow exterior balcony/walkway labeled ‘BALKONG’, right beside a glazed door into the large open office area 302. The railing, exterior cladding, and door into a bright open room match this balcony edge. The camera is positioned along the balcony near the 302 entrance, slightly southwest of the doorway. | K79: =B79&"|"&C79 -> Floor 3|3.2
A80: T3.82 | B80: Floor 3 | C80: 3_pano | D80: Panorama | E80: 31 | F80: 23 | G80: 36 | H80: 26 | I80: 5.831 | J80: The query shows an exterior-like narrow balcony/walkway with railing on the left, building wall and glass door on the right, and a long passage continuing ahead. This matches the slanted area labeled ‘BALKONG’ next to the large room 302. The camera appears to be on that balcony near its upper/northwest end by the door connection into the building, looking along the balcony toward the southeast. | K80: =B80&"|"&C80 -> Floor 3|3_pano
A81: T3.83 | B81: Floor 3 | C81: 3_pano | D81: Panorama | E81: 31 | F81: 23 | G81: 36 | H81: 26 | I81: 5.831 | J81: The photo appears to be taken on the exterior balcony/walkway labeled ‘BALKONG’ along the southeast side of the large open office area 302. The narrow outdoor passage with railing on one side and facade/door on the other matches this diagonal balcony. The camera is positioned roughly mid-to-upper part of that balcony near a door opening into the building, looking along the walkway toward the northeast. | K81: =B81&"|"&C81 -> Floor 3|3_pano
A82: T3.84 | B82: Floor 3 | C82: 3_pano | D82: Panorama | E82: 31 | F82: 23 | G82: 37 | H82: 27 | I82: 7.211 | J82: The query shows an exterior balcony/walkway along the building facade, with glazing/door on one side and another brick facade across a narrow lightwell. On the floorplan, this matches the long diagonal area labeled ‘BALKONG’ beside room 302. The camera appears to be standing on that balcony close to the door from the stair/hiss core, looking along the walkway toward its far end, so the best estimate is near the upper part of the BALKONG segment just southeast of the core. | K82: =B82&"|"&C82 -> Floor 3|3_pano
A83: T3.85 | B83: Floor 3 | C83: 4.1 | D83: Wide | E83: 30 | F83: 17 | G83: 44 | H83: 30 | I83: 19.105 | J83: The photo shows a small elevator lobby: an elevator directly ahead-left and a glazed door opening into a brighter room on the right. On the plan, the clearest match is the elevator area labeled 311 ELC beside room 312 and the adjacent passage/lounge cluster at the lower-right. The camera is most likely standing just outside the elevator, in the small lobby space west-northwest of 311 ELC, facing toward the elevator and the glazed door into the brighter area. | K83: =B83&"|"&C83 -> Floor 3|4.1
A84: T3.86 | B84: Floor 3 | C84: 4.1 | D84: Wide | E84: 30 | F84: 17 | G84: 45 | H84: 30 | I84: 19.849 | J84: The photo shows a small elevator lobby: elevator doors directly ahead/left and a glazed door on the right leading into a brighter office room. On the floorplan, the clearest match is the elevator lobby labeled 311 ELC beside room 312 MÖTESRUM and the adjacent corridor/open office area. The camera appears to be standing just inside the small lobby, a little southwest of the elevator, facing toward the elevator wall and the glazed door to the open office side. | K84: =B84&"|"&C84 -> Floor 3|4.1
A85: T3.87 | B85: Floor 3 | C85: 4.1 | D85: Wide | E85: 30 | F85: 17 | G85: 40 | H85: 31 | I85: 17.205 | J85: The photo shows a small elevator lobby: a single elevator with a glazed door immediately beside it leading into a brighter office area. On the plan, the clearest match is the small elevator lobby labeled 311 ELC next to room 312 and the passage 306/307 cluster on the right side. The camera appears to be standing inside that small lobby, a little in front of and offset from the elevator, looking toward the elevator wall and the adjacent glazed door into the office area. | K85: =B85&"|"&C85 -> Floor 3|4.1
A86: T3.88 | B86: Floor 3 | C86: 4.2 | D86: Wide | E86: 30 | F86: 17 | G86: 20 | H86: 20 | I86: 10.44 | J86: The photo shows an enclosed stairwell with a turning flight, inner metal railing, and an exterior window at the landing. This best matches the angled stair core on the left-central part of the plan. The camera appears to be on the lower portion of that stair, looking up toward the landing/window, so the position is placed on the lower flight of that stairwell. | K86: =B86&"|"&C86 -> Floor 3|4.2
A87: T3.89 | B87: Floor 3 | C87: 4.2 | D87: Wide | E87: 30 | F87: 17 | G87: 21 | H87: 20 | I87: 9.487 | J87: The query shows an enclosed stairwell with a turning flight, central railing, and a tall exterior window at the landing. On the floorplan, the best match is the main stair core in area 300 TRAPPHUS near the center-top. The camera appears to be on the lower part of the stair run looking up toward the landing/window, so the position is placed on the southwest side of that stair enclosure. | K87: =B87&"|"&C87 -> Floor 3|4.2
A88: T3.90 | B88: Floor 3 | C88: 4.2 | D88: Wide | E88: 30 | F88: 17 | G88: 20 | H88: 20 | I88: 10.44 | J88: The photo shows an enclosed stairwell with a turning flight, inner metal guardrail, outer wall handrail, and a tall exterior window at the landing. On the floorplan, the clearest match is the main stair core in room 300 (TRAPPHUS) near the center-top of the plan. The camera appears to be on the lower part of the stair flight looking up toward the windowed landing, so the best estimate is on the southwest side of that stair core. | K88: =B88&"|"&C88 -> Floor 3|4.2 | T88: säger rätt plats men missuppfattar trapporna
A89: T3.91 | B89: Floor 3 | C89: 4.pano | D89: Panorama | E89: 30 | F89: 17 | G89: 24 | H89: 31 | I89: 24.739 | J89: The query shows a stair landing with an elevator immediately beside it and a door opposite the landing. On the floorplan, the clearest match is the lower-central stair/elevator core enclosed in red dashed fire walls. The camera appears to be standing on the landing just west/northwest of the elevator, looking toward the door and adjacent stair run. | K89: =B89&"|"&C89 -> Floor 3|4.pano
A90: T3.92 | B90: Floor 3 | C90: 4.pano | D90: Panorama | E90: 30 | F90: 17 | G90: 24 | H90: 42 | I90: 25.71 | J90: The query shows a stair landing with an adjacent elevator and a door directly ahead. On the floorplan, the clearest match is the lower-central elevator/stair core enclosed by red dashed walls. The camera appears to be standing on the small landing between the stair and lift, facing toward the corridor door, so the best position is just to the right of the elevator within that stair lobby. | K90: =B90&"|"&C90 -> Floor 3|4.pano
A91: T3.93 | B91: Floor 3 | C91: 4.pano | D91: Panorama | E91: 30 | F91: 17 | G91: 24 | H91: 40 | I91: 23.77 | J91: The photo shows a stair landing with an elevator directly beside it and a glazed door ahead, matching the elevator/stair core at the lower center of the plan. The camera is most likely on the landing just west of the elevator shaft, facing toward the door and stair run. | K91: =B91&"|"&C91 -> Floor 3|4.pano
A92: T3.94 | B92: Floor 3 | C92: 5.1 | D92: Wide | E92: 40 | F92: 31 | G92: 28 | H92: 38 | I92: 13.892 | J92: The photo shows a very small cellular office/utility room with one inward-opening door to the corridor and no visible windows in the room itself, matching one of the small single rooms along the south corridor. The carpeted enclosed room and the door position fit the row of small offices best; I placed the camera inside one of these rooms near its far-right side, looking back toward the corridor door. | K92: =B92&"|"&C92 -> Floor 3|5.1
A93: T3.95 | B93: Floor 3 | C93: 5.1 | D93: Wide | E93: 40 | F93: 31 | G93: 36 | H93: 40 | I93: 9.849 | J93: The photo shows a very small enclosed office/technical room with carpet, one inward door to a corridor, no exterior windows in the room itself, and a service/vent pipe installation. On the plan, the best match is one of the small cellular rooms along the south corridor block. The camera appears placed inside the room near the wall opposite the door, angled toward the door and corner, so I placed the point slightly back from the corridor-side doorway within one of these small rooms. | K93: =B93&"|"&C93 -> Floor 3|5.1
A94: T3.96 | B94: Floor 3 | C94: 5.1 | D94: Wide | E94: 40 | F94: 31 | G94: 31 | H94: 38 | I94: 11.402 | J94: The photo shows a very small enclosed office/clinic-style room with one inward-opening door to the corridor, no internal windows, a floor vent, and a wall-mounted service hose. On the plan, the row of small similar rooms along the lower middle edge best matches this layout. The camera appears to be inside one of these narrow rooms, positioned near the far-right corner opposite the door and looking back toward the doorway, so I placed the dot inside one of the small rooms in that row. | K94: =B94&"|"&C94 -> Floor 3|5.1
A95: T3.97 | B95: Floor 3 | C95: 5.2 | D95: Wide | E95: 40 | F95: 31 | G95: 38 | H95: 26 | I95: 5.385 | J95: The photo appears to be taken in the narrow balcony/corridor labeled ‘BALKONG’ along the inner courtyard: there is a large exterior-facing window on the left into the courtyard and glass doors on the right opening into the open office area 302. The camera is positioned near the upper/northwest end of that balcony, just beside the first office door/window section, looking southeast along the corridor. | K95: =B95&"|"&C95 -> Floor 3|5.2
A96: T3.98 | B96: Floor 3 | C96: 5.2 | D96: Wide | E96: 40 | F96: 31 | G96: 38 | H96: 27 | I96: 4.472 | J96: The photo appears to be taken from the narrow triangular corridor/transition area by the balcony/atrium edge, just outside the large open office 302 KONTORSLANDSKAP. Clues are the full-height exterior window on the left looking into an internal courtyard, and the glazed door straight ahead opening into a large open room. On the plan, this best matches the small angled corridor at the southwest side of room 302 near the BALKONG connection, with the camera positioned close to the windowed wall and facing into 302. | K96: =B96&"|"&C96 -> Floor 3|5.2
A97: T3.99 | B97: Floor 3 | C97: 5.2 | D97: Wide | E97: 40 | F97: 31 | G97: 35 | H97: 28 | I97: 5.831 | J97: The photo appears to be taken in the narrow balcony/corridor labeled ‘BALKONG’ beside the large open office 302. The left-side exterior window looks into an inner lightwell/courtyard, and the door ahead opens into a large open-plan room with many windows, matching 302. The camera is likely positioned near the upper end of the BALKONG corridor, close to the doorway into 302 and facing into the open office. | K97: =B97&"|"&C97 -> Floor 3|5.2
A98: T3.100 | B98: Floor 3 | C98: 5.pano | D98: Panorama | E98: 40 | F98: 31 | G98: 35 | H98: 30 | I98: 5.099 | J98: The query appears to be a small enclosed room with an exterior window on the left and interior glazed openings/door looking into the large open office. On the plan, the best match is room 307 (Samtalsrum) beside passage 306 and adjacent to the large 302 office area, with an exterior wall/window facing out. The camera is most likely near the outer-window side of room 307, aimed inward toward the glazed wall/door to the office and passage. | K98: =B98&"|"&C98 -> Floor 3|5.pano
A99: T3.101 | B99: Floor 3 | C99: 5.pano | D99: Panorama | E99: 40 | F99: 31 | G99: 37 | H99: 21 | I99: 10.44 | J99: The photo appears to be taken inside a small office/side room with an exterior window on the left and glazed openings/door looking into the large open office area. On the floorplan, the best match is the small triangular/angled room opening into area 302 KONTORSLANDSKAP along its lower-left side near the balcony/corridor junction. The camera is positioned inside that small room near the exterior window wall, facing inward toward the glazed partition and door into 302. | K99: =B99&"|"&C99 -> Floor 3|5.pano
A100: T3.102 | B100: Floor 3 | C100: 5.pano | D100: Panorama | E100: 40 | F100: 31 | G100: 35 | H100: 30 | I100: 5.099 | J100: The photo appears to be taken inside a small enclosed room with an exterior window on the left and interior glazed openings/door looking into the large open office area. This matches the small triangular room labeled 307 (Samtalsrum) beside passage 306 and adjacent to the large 302 Kontorslandskap. The camera is positioned near the inner corner of room 307, close to the exterior window wall, facing toward the glazed partition/door into the office. | K100: =B100&"|"&C100 -> Floor 3|5.pano
...

Sheet Double prompt
A1: Id | B1: Floor | C1: Position | D1: True x | E1: True y | F1: Predicted x | G1: Predicted y | H1: Euclidean error | I1: Reasoning | J1: Column 1
A2: T6.1 | B2: Floor 5 | C2: 1 | D2: 39 | E2: 15 | F2: 36 | G2: 16 | H2: 3.162 | I2: The photos most likely show the pantry/open office boundary around room 505 PENRTY opening into 504 KONTORSLANDSKAP. Visible cues are the kitchenette with fridge/microwaves, adjacent open office desks by the slanted window wall, and a door from the pantry toward the inner rooms. The camera appears to stand in the tiled pantry area near the transition to the carpeted open office, so I placed the point just inside the pantry/open area interface.
A3: T6.2 | B3: Floor 5 | C3: 1 | D3: 39 | E3: 15 | F3: 37 | G3: 23 | H3: 8.246 | I3: The photos most likely show the pantry/open office junction around room 505 (PENTRY) opening into 504 (KONTORSLANDSKAP). Visible kitchenette, sloped exterior wall/window side, and the open office desks match this area. The camera seems to stand just inside the tiled pantry zone near the boundary to the carpeted open office, a little southwest of the pantry core. | J3: rätt beskrivning, fel plats
A4: T6.3 | B4: Floor 5 | C4: 1 | D4: 39 | E4: 15 | F4: 37 | G4: 17 | H4: 2.828 | I4: The photos most likely show the small kitchenette/pantry area labeled 505, opening directly into the larger open office 504. Visible cues include the kitchen cabinets, fridge, tiled kitchenette floor transitioning to carpeted office space, and a door into an adjacent room. The camera seems positioned near the boundary between pantry 505 and the open office, slightly inside the pantry/opening toward 504.
A5: T6.4 | B5: Floor 5 | C5: 2 | D5: 44 | E5: 16 | F5: 45 | G5: 15 | H5: 1 | I5: The photos show a small perimeter office with a strongly sloped ceiling, low windows on two exterior walls, and a door opening into the larger open office area. On the floorplan, the best match is the small wedge-shaped office 507 at the top-right façade, which has angled exterior walls and connects directly to the open office. The camera appears to be inside that room, slightly in from the doorway toward the windowed corner.
A6: T6.5 | B6: Floor 5 | C6: 2 | D6: 44 | E6: 16 | F6: 44 | G6: 20 | H6: 4 | I6: he photos show a small perimeter office with a strongly sloped ceiling, low windows on two exterior walls, and a door opening into the larger open office area. On the plan, the best match is room 507 at the upper-right façade: it is a small corner office with two exterior windowed walls and a door to the open kontorslandskap. The camera appears positioned a bit inside that room, roughly near its center-left portion facing the exterior corner.
A7: T6.6 | B7: Floor 5 | C7: 2 | D7: 44 | E7: 16 | F7: 45 | G7: 16 | H7: 1 | I7: The photos show a very small perimeter office with a sloped roof, two exterior windows, and a single door opening into the larger open office area. On the floorplan, the best match is room 507 KONTOR at the top-right corner, which has the narrow wedge shape and exterior window walls consistent with the images. The camera appears to be inside that room, a bit in from the door and oriented toward the corner windows.
A8: T6.10 | B8: Floor 5 | C8: 3 | D8: 39 | E8: 22 | F8: 36 | G8: 23 | H8: 3.162 | I8: The photos most likely show the large open office area 504 KONTORSLANDSKAP near the windowed outer facade. One view looks directly at the facade windows with desks, and the other shows an internal meeting/lounge nook within the same open space. The camera is best placed in the upper-central part of room 504, a bit in from the facade and near the internal partition toward rooms 505/503.
A9: T6.11 | B9: Floor 5 | C9: 3 | D9: 39 | E9: 22 | F9: 34 | G9: 22 | H9: 5 | I9: The photos show an open office/lounge area with perimeter windows and desks, plus an adjacent meeting/lounge corner separated by a central wall. This best matches room 504 KONTORSLANDSKAP near the windowed façade and the transition toward the balcony/open-office side, rather than the enclosed offices or meeting room. The point is placed inside 504, close to the central partition and window edge where both views could be taken from the same position facing different directions.
A10: T6.12 | B10: Floor 5 | C10: 3 | D10: 39 | E10: 22 | F10: 36 | G10: 23 | H10: 3.162 | I10: The photos most likely show the large open office area 504 KONTORSLANDSKAP near the outer windowed façade. One view looks directly out through a row of tall perimeter windows from among desks, and the other shows a nearby informal meeting/table area within the same open space. The best camera position is therefore inside 504, close to its upper-right/window side but still within the open office interior.
A11: T6.13 | B11: Floor 5 | C11: 4 | D11: 42 | E11: 29 | F11: 32 | G11: 12 | H11: 19.723 | I11: The photos show a small glazed meeting room with an angled glass partition opening into the open office, plus exterior windows on the building perimeter. On the floorplan, room 506 (MÖTESRUM) is the best match: it is a perimeter meeting room directly adjacent to the open office area 504 and has the distinctive angled geometry seen in the glass walls. The camera is most likely near the outer-window side of 506, a bit left of center within that room. | J11: tänker bara mötesrum pga inredning, hade kanske fått rätt om det stod "mötesrum" i ritning
A12: T6.14 | B12: Floor 5 | C12: 4 | D12: 42 | E12: 29 | F12: 35 | G12: 12 | H12: 18.385 | I12: The photos show a small glazed meeting room with an angled glass wall and windows on two exterior sides, looking into the open office. This best matches room 506 (MÖTESRUM) at the top of the plan, which has the same wedge-like shape and perimeter windows. The camera appears near the outer/window corner inside that room, so I placed the dot slightly inside 506 near its northwest side.
A13: T6.15 | B13: Floor 5 | C13: 4 | D13: 42 | E13: 29 | F13: 32 | G13: 11 | H13: 20.591 | I13: The photos show a small glass-walled meeting room with an oval table directly beside the long exterior window facade, looking out into an open office area. On the plan, the best match is room 506 (MÖTESRUM), the only perimeter meeting room adjacent to the open office/pentry zone and shaped consistently with the angled glass partition seen in the images. The point is placed inside 506 near its glass side, matching the camera position within that room.
A14: T6.19 | B14: Floor 5 | C14: 5 | D14: 46 | E14: 30 | F14: 43 | G14: 31 | H14: 3.162 | I14: The photos show a small lobby/passage by the toilets: one view faces double doors with an RWC-labeled door beside them, and the other shows adjacent WC doors plus a column in the corridor. On the plan, the best match is the small passage area around rooms 510 PASSAGE / 515 RWC / 514 ST near the right-side stair core, with the camera positioned in the passage just outside the restroom doors.
A15: T6.20 | B15: Floor 5 | C15: 5 | D15: 46 | E15: 30 | F15: 43 | G15: 30 | H15: 3 | I15: The photos show the small restroom passage area: one view faces double doors labeled RWC, and the other shows adjacent doors labeled WC with a column in a short corridor. On the plan this best matches the compact hall around rooms 514 ST, 515 RWC, and 512 WC near passage 510. The camera is most likely positioned in that small junction just outside RWC/WC.
A16: T6.21 | B16: Floor 5 | C16: 5 | D16: 46 | E16: 30 | F16: 44 | G16: 30 | H16: 2 | I16: The photos show a small toilet anteroom/corridor with doors labeled WC and RWC plus a nearby double door, matching the service core around rooms 514 ST, 515 RWC, and 512 WC. The best fit is the small passage just west of the WC/RWC doors near the column, so I place the camera in that corridor area.
A17: T6.22 | B17: Floor 5 | C17: 6 | D17: 48 | E17: 27 | F17: 42 | G17: 31 | H17: 7.211 | I17: The photos show a very small toilet/washroom with a sink, soap dispenser, paper dispenser, dark stone floor, and a door opening directly to carpeted office space. On the floorplan, the best match is the small WC cluster near rooms 514/515/516, specifically the WC 512 area on the right side. The camera appears to be inside that compact WC, near the sink/corner just inside the room. | J17: placeras utomhus
A18: T6.23 | B18: Floor 5 | C18: 6 | D18: 48 | E18: 27 | F18: 44 | G18: 30 | H18: 5 | I18: The photos show a very small restroom with a sink, mirror, soap/towel dispensers, and a doorway opening directly to carpeted office space. On the floorplan, the best match is the compact WC/toilet area around rooms 512/514/515 near the east stair core. The camera seems to be inside the small WC, near the sink/corner by the door, so I place the point in the small restroom zone just west of the east stair. | J18: placeras i toa men i fel
A19: T6.24 | B19: Floor 5 | C19: 6 | D19: 48 | E19: 27 | F19: 42 | G19: 31 | H19: 7.211 | I19: The photos show a very small restroom/wash area: a sink with mirror and soap dispenser, plus a toilet/paper dispenser, with a doorway opening directly to carpeted office space. On the floorplan, the best match is the small WC/RWC cluster near rooms 514–516 at the lower-right. The camera is most likely inside the larger accessible restroom 515 RWC, near the sink side by the doorway.
A20: T6.31 | B20: Floor 3 | C20: 1 | D20: 30 | E20: 10 | F20: 17 | G20: 41 | H20: 33.615 | I20: The photos show a small perimeter office with a long exterior window wall, radiator below the windows, and an interior glass door opening into a corridor/pantry-like area. On the plan, the best match is one of the small offices along the bottom-left slanted facade, just left of the central stair/elevator core. The point is placed inside that office near the window side, roughly where the camera would stand while looking toward the door and adjacent room.
A21: T6.32 | B21: Floor 3 | C21: 1 | D21: 30 | E21: 10 | F21: 22 | G21: 38 | H21: 29.12 | I21: The photos show a small perimeter office with large exterior windows along one side, a radiator below the windows, and a door opening into a larger office/pantry zone. On the plan, the best match is one of the small south-facing offices along the long corridor at the bottom-center/left, adjacent to the larger open office area. The camera appears to be standing inside that room near its middle, facing the door and window wall.
A22: T6.33 | B22: Floor 3 | C22: 1 | D22: 30 | E22: 10 | F22: 21 | G22: 40 | H22: 31.321 | I22: The photos show a small perimeter office with a long exterior window wall on the left, strong sunlight, and a glazed door opening directly to a kitchenette/pantry-like space. On the plan, the best match is the small office at the lower-left end of the long office strip, immediately west of the central stair/elevator core, where a room has an exterior window edge and a door into the internal office/corridor zone. The point is placed inside that office near the window side, matching the camera position.
A23: T6.34 | B23: Floor 3 | C23: 2 | D23: 40 | E23: 18 | F23: 39 | G23: 23 | H23: 5.099 | I23: The photos show a large open office area with perimeter windows, two round columns, and direct access to a balcony/exterior door plus nearby internal glazed doors. This best matches room 302 KONTORSLANDSKAP. The camera appears to be positioned in the western-central part of that open room, looking toward the east/southeast side where the doors and balcony connection are located.
A24: T6.35 | B24: Floor 3 | C24: 2 | D24: 40 | E24: 18 | F24: 39 | G24: 23 | H24: 5.099 | I24: The photos show a large open office with perimeter windows, two round columns, and a balcony/exterior door niche. This best matches room 302 KONTORSLANDSKAP. The camera appears to be placed in the open central-left part of that room, looking toward the inner wall and the balcony/exit side.
A25: T6.36 | B25: Floor 3 | C25: 2 | D25: 40 | E25: 18 | F25: 39 | G25: 23 | H25: 5.099 | I25: The photos match the large open office area 302 KONTORSLANDSKAP: broad carpeted room, multiple perimeter windows, several round columns, and nearby glazed doors/openings toward the passage/balcony side. The camera appears to be set a bit left of center within this open space, near one of the interior columns, looking toward the east/southeast side of the room.
